time,t2m,skt,sp,cvh,siconc,number,latitude,longitude,expver,ssr,t2m_c,skt_c
1975-01-01 00:00:00,244.67393,243.90117,69441.54,0.0,,0,-90.0,335.25,0001,,-28.476059,-29.248825
1975-01-01 06:00:00,,,,,,0,-90.0,335.25,,5463040.0,,
1975-02-01 00:00:00,237.18489,235.91046,69172.1,0.0,,0,-90.0,335.25,0001,,-35.965103,-37.239532
1975-02-01 06:00:00,,,,,,0,-90.0,335.25,,3017728.0,,
1975-03-01 00:00:00,227.72191,225.86899,68785.695,0.0,,0,-90.0,335.25,0001,,-45.428085,-47.281006
1975-03-01 06:00:00,,,,,,0,-90.0,335.25,,431655.12,,
1975-04-01 00:00:00,218.36345,216.10957,68145.39,0.0,,0,-90.0,335.25,0001,,-54.786545,-57.04042
1975-04-01 06:00:00,,,,,,0,-90.0,335.25,,8.639997e-11,,
1975-05-01 00:00:00,223.30365,220.19647,69257.914,0.0,,0,-90.0,335.25,0001,,-49.846344,-52.95352
1975-05-01 06:00:00,,,,,,0,-90.0,335.25,,8.639997e-11,,
1975-06-01 00:00:00,215.7493,212.6402,68444.42,0.0,,0,-90.0,335.25,0001,,-57.400696,-60.509796
1975-06-01 06:00:00,,,,,,0,-90.0,335.25,,8.639997e-11,,
1975-07-01 00:00:00,213.68628,211.41937,68189.8,0.0,,0,-90.0,335.25,0001,,-59.463715,-61.73062
1975-07-01 06:00:00,,,,,,0,-90.0,335.25,,8.639997e-11,,
1975-08-01 00:00:00,215.8345,213.59042,67507.516,0.0,,0,-90.0,335.25,0001,,-57.31549,-59.55957
1975-08-01 06:00:00,,,,,,0,-90.0,335.25,,8.639997e-11,,
1975-09-01 00:00:00,216.35612,214.14513,67605.41,0.0,,0,-90.0,335.25,0001,,-56.79387,-59.004868
1975-09-01 06:00:00,,,,,,0,-90.0,335.25,,59219.43,,
1975-10-01 00:00:00,225.04134,223.52219,67894.42,0.0,,0,-90.0,335.25,0001,,-48.108658,-49.627808
1975-10-01 06:00:00,,,,,,0,-90.0,335.25,,1942528.0,,
1975-11-01 00:00:00,235.58806,234.43327,68551.2,0.0,,0,-90.0,335.25,0001,,-37.561935,-38.71672
1975-11-01 06:00:00,,,,,,0,-90.0,335.25,,4843520.0,,
1975-12-01 00:00:00,244.1767,243.4778,69410.89,0.0,,0,-90.0,335.25,0001,,-28.973297,-29.672195
1975-12-01 06:00:00,,,,,,0,-90.0,335.25,,6314496.0,,
1976-01-01 00:00:00,243.92943,243.08438,69589.05,0.0,,0,-90.0,335.25,0001,,-29.220566,-30.065613
1976-01-01 06:00:00,,,,,,0,-90.0,335.25,,5580800.0,,
1976-02-01 00:00:00,235.2921,234.21252,68794.81,0.0,,0,-90.0,335.25,0001,,-37.857895,-38.93747
1976-02-01 06:00:00,,,,,,0,-90.0,335.25,,3040256.0,,
1976-03-01 00:00:00,224.04428,222.53517,68433.12,0.0,,0,-90.0,335.25,0001,,-49.105713,-50.614822
1976-03-01 06:00:00,,,,,,0,-90.0,335.25,,406018.38,,
1976-04-01 00:00:00,216.6949,214.35902,67889.32,0.0,,0,-90.0,335.25,0001,,-56.455093,-58.79097
1976-04-01 06:00:00,,,,,,0,-90.0,335.25,,8.639997e-11,,
1976-05-01 00:00:00,216.9002,214.52448,67568.2,0.0,,0,-90.0,335.25,0001,,-56.249786,-58.62552
1976-05-01 06:00:00,,,,,,0,-90.0,335.25,,8.639997e-11,,
1976-06-01 00:00:00,216.61731,213.92453,68241.766,0.0,,0,-90.0,335.25,0001,,-56.532684,-59.225464
1976-06-01 06:00:00,,,,,,0,-90.0,335.25,,8.639997e-11,,
1976-07-01 00:00:00,215.93188,213.53635,68236.4,0.0,,0,-90.0,335.25,0001,,-57.21811,-59.613647
1976-07-01 06:00:00,,,,,,0,-90.0,335.25,,8.639997e-11,,
1976-08-01 00:00:00,212.27019,209.27824,67424.45,0.0,,0,-90.0,335.25,0001,,-60.879807,-63.87175
1976-08-01 06:00:00,,,,,,0,-90.0,335.25,,8.639997e-11,,
1976-09-01 00:00:00,217.75783,215.20782,67402.24,0.0,,0,-90.0,335.25,0001,,-55.392166,-57.94217
1976-09-01 06:00:00,,,,,,0,-90.0,335.25,,72855.0,,
1976-10-01 00:00:00,224.97229,223.15422,67284.86,0.0,,0,-90.0,335.25,0001,,-48.177704,-49.995773
1976-10-01 06:00:00,,,,,,0,-90.0,335.25,,1992192.0,,
1976-11-01 00:00:00,236.34882,235.59496,69202.39,0.0,,0,-90.0,335.25,0001,,-36.801178,-37.55504
1976-11-01 06:00:00,,,,,,0,-90.0,335.25,,4730368.0,,
1976-12-01 00:00:00,245.53049,244.96294,70252.66,0.0,,0,-90.0,335.25,0001,,-27.619507,-28.187057
1976-12-01 06:00:00,,,,,,0,-90.0,335.25,,6223360.0,,
1977-01-01 00:00:00,246.83324,246.23053,70038.17,0.0,,0,-90.0,335.25,0001,,-26.316757,-26.919464
1977-01-01 06:00:00,,,,,,0,-90.0,335.25,,5311488.0,,
1977-02-01 00:00:00,234.28802,232.97214,68784.23,0.0,,0,-90.0,335.25,0001,,-38.86197,-40.177856
1977-02-01 06:00:00,,,,,,0,-90.0,335.25,,3082240.0,,
1977-03-01 00:00:00,225.11122,223.62648,68569.1,0.0,,0,-90.0,335.25,0001,,-48.038773,-49.523514
1977-03-01 06:00:00,,,,,,0,-90.0,335.25,,388304.06,,
1977-04-01 00:00:00,221.64761,219.7495,68633.586,0.0,,0,-90.0,335.25,0001,,-51.50238,-53.400497
1977-04-01 06:00:00,,,,,,0,-90.0,335.25,,8.639997e-11,,
1977-05-01 00:00:00,223.18802,221.19295,68712.016,0.0,,0,-90.0,335.25,0001,,-49.961975,-51.957047
1977-05-01 06:00:00,,,,,,0,-90.0,335.25,,8.639997e-11,,
1977-06-01 00:00:00,223.15298,221.69145,68639.14,0.0,,0,-90.0,335.25,0001,,-49.99701,-51.45854
1977-06-01 06:00:00,,,,,,0,-90.0,335.25,,8.639997e-11,,
1977-07-01 00:00:00,221.62709,219.26616,68273.69,0.0,,0,-90.0,335.25,0001,,-51.522903,-53.883835
1977-07-01 06:00:00,,,,,,0,-90.0,335.25,,8.639997e-11,,
1977-08-01 00:00:00,219.86717,217.57182,68536.93,0.0,,0,-90.0,335.25,0001,,-53.28282,-55.57817
1977-08-01 06:00:00,,,,,,0,-90.0,335.25,,8.639997e-11,,
1977-09-01 00:00:00,217.30725,214.94345,67021.086,0.0,,0,-90.0,335.25,0001,,-55.842743,-58.206543
1977-09-01 06:00:00,,,,,,0,-90.0,335.25,,62216.527,,
1977-10-01 00:00:00,219.83418,217.54216,67662.83,0.0,,0,-90.0,335.25,0001,,-53.31581,-55.607834
1977-10-01 06:00:00,,,,,,0,-90.0,335.25,,2209280.0,,
1977-11-01 00:00:00,234.7403,233.84566,68315.59,0.0,,0,-90.0,335.25,0001,,-38.4097,-39.304337
1977-11-01 06:00:00,,,,,,0,-90.0,335.25,,4749824.0,,
1977-12-01 00:00:00,241.42673,240.8576,69185.54,0.0,,0,-90.0,335.25,0001,,-31.723267,-32.29239
1977-12-01 06:00:00,,,,,,0,-90.0,335.25,,6443520.0,,
1978-01-01 00:00:00,242.12444,241.19237,68861.77,0.0,,0,-90.0,335.25,0001,,-31.025558,-31.957626
1978-01-01 06:00:00,,,,,,0,-90.0,335.25,,5644800.0,,
1978-02-01 00:00:00,235.65056,234.43478,68904.36,0.0,,0,-90.0,335.25,0001,,-37.499435,-38.71521
1978-02-01 06:00:00,,,,,,0,-90.0,335.25,,2998784.0,,
1978-03-01 00:00:00,224.6995,222.68657,68723.59,0.0,,0,-90.0,335.25,0001,,-48.4505,-50.463425
1978-03-01 06:00:00,,,,,,0,-90.0,335.25,,501199.8,,
1978-04-01 00:00:00,227.12045,225.6012,68743.46,0.0,,0,-90.0,335.25,0001,,-46.02954,-47.548798
1978-04-01 06:00:00,,,,,,0,-90.0,335.25,,8.639997e-11,,
1978-05-01 00:00:00,222.6184,220.60382,68399.25,0.0,,0,-90.0,335.25,0001,,-50.5316,-52.546173
1978-05-01 06:00:00,,,,,,0,-90.0,335.25,,8.639997e-11,,
1978-06-01 00:00:00,218.37598,216.25719,68301.89,0.0,,0,-90.0,335.25,0001,,-54.774017,-56.892807
1978-06-01 06:00:00,,,,,,0,-90.0,335.25,,8.639997e-11,,
1978-07-01 00:00:00,217.5195,215.12056,68510.14,0.0,,0,-90.0,335.25,0001,,-55.630493,-58.029434
1978-07-01 06:00:00,,,,,,0,-90.0,335.25,,8.639997e-11,,
1978-08-01 00:00:00,219.65338,217.08594,67044.84,0.0,,0,-90.0,335.25,0001,,-53.496613,-56.064056
1978-08-01 06:00:00,,,,,,0,-90.0,335.25,,8.639997e-11,,
1978-09-01 00:00:00,218.55179,215.73741,67800.58,0.0,,0,-90.0,335.25,0001,,-54.598206,-57.412582
1978-09-01 06:00:00,,,,,,0,-90.0,335.25,,56936.453,,
1978-10-01 00:00:00,228.26872,226.95439,68239.47,0.0,,0,-90.0,335.25,0001,,-44.88127,-46.195602
1978-10-01 06:00:00,,,,,,0,-90.0,335.25,,1790976.0,,
1978-11-01 00:00:00,236.90408,236.26714,68749.78,0.0,,0,-90.0,335.25,0001,,-36.24591,-36.88286
1978-11-01 06:00:00,,,,,,0,-90.0,335.25,,4787200.0,,
1978-12-01 00:00:00,244.18477,243.66794,69169.46,0.0,,0,-90.0,335.25,0001,,-28.965225,-29.482056
1978-12-01 06:00:00,,,,,,0,-90.0,335.25,,6238208.0,,
1979-01-01 00:00:00,242.92812,241.92255,69258.2,0.0,,0,-90.0,335.25,0001,,-30.221878,-31.227448
1979-01-01 06:00:00,,,,,,0,-90.0,335.25,,5719040.0,,
1979-02-01 00:00:00,234.14534,232.50217,68907.58,0.0,,0,-90.0,335.25,0001,,-39.004654,-40.647827
1979-02-01 06:00:00,,,,,,0,-90.0,335.25,,3184128.0,,
1979-03-01 00:00:00,227.91368,226.73798,68381.17,0.0,,0,-90.0,335.25,0001,,-45.236313,-46.412018
1979-03-01 06:00:00,,,,,,0,-90.0,335.25,,413840.44,,
1979-04-01 00:00:00,225.81618,223.34415,68794.79,0.0,,0,-90.0,335.25,0001,,-47.333817,-49.805847
1979-04-01 06:00:00,,,,,,0,-90.0,335.25,,8.639997e-11,,
1979-05-01 00:00:00,218.64397,216.18452,67839.27,0.0,,0,-90.0,335.25,0001,,-54.506027,-56.96547
1979-05-01 06:00:00,,,,,,0,-90.0,335.25,,8.639997e-11,,
1979-06-01 00:00:00,222.42651,220.87245,68363.234,0.0,,0,-90.0,335.25,0001,,-50.72348,-52.277542
1979-06-01 06:00:00,,,,,,0,-90.0,335.25,,8.639997e-11,,
1979-07-01 00:00:00,215.94478,213.923,67042.8,0.0,,0,-90.0,335.25,0001,,-57.205215,-59.22699
1979-07-01 06:00:00,,,,,,0,-90.0,335.25,,8.639997e-11,,
1979-08-01 00:00:00,218.16417,215.874,67913.28,0.0,,0,-90.0,335.25,0001,,-54.985825,-57.276
1979-08-01 06:00:00,,,,,,0,-90.0,335.25,,8.639997e-11,,
1979-09-01 00:00:00,222.78214,220.8755,68242.56,0.0,,0,-90.0,335.25,0001,,-50.36786,-52.27449
1979-09-01 06:00:00,,,,,,0,-90.0,335.25,,49469.863,,
1979-10-01 00:00:00,225.6515,223.99725,68033.15,0.0,,0,-90.0,335.25,0001,,-47.49849,-49.15274
1979-10-01 06:00:00,,,,,,0,-90.0,335.25,,1828352.0,,
1979-11-01 00:00:00,236.69023,235.45212,68981.11,0.0,,0,-90.0,335.25,0001,,-36.459763,-37.697876
1979-11-01 06:00:00,,,,,,0,-90.0,335.25,,4768768.0,,
1979-12-01 00:00:00,243.88953,243.19658,69445.375,0.0,,0,-90.0,335.25,0001,,-29.260468,-29.953415
1979-12-01 06:00:00,,,,,,0,-90.0,335.25,,6250496.0,,
1980-01-01 00:00:00,243.40164,242.27657,69395.41,0.0,,0,-90.0,335.25,0001,,-29.748352,-30.873428
1980-01-01 06:00:00,,,,,,0,-90.0,335.25,,5707264.0,,
1980-02-01 00:00:00,234.2808,233.00154,69253.55,0.0,,0,-90.0,335.25,0001,,-38.869186,-40.148453
1980-02-01 06:00:00,,,,,,0,-90.0,335.25,,3107840.0,,
1980-03-01 00:00:00,226.17795,223.77171,68867.62,0.0,,0,-90.0,335.25,0001,,-46.972046,-49.37828
1980-03-01 06:00:00,,,,,,0,-90.0,335.25,,445911.7,,
1980-04-01 00:00:00,221.3479,218.88329,68968.83,0.0,,0,-90.0,335.25,0001,,-51.802094,-54.26671
1980-04-01 06:00:00,,,,,,0,-90.0,335.25,,8.639997e-11,,
1980-05-01 00:00:00,221.66734,219.36746,68720.53,0.0,,0,-90.0,335.25,0001,,-51.48265,-53.78253
1980-05-01 06:00:00,,,,,,0,-90.0,335.25,,8.639997e-11,,
1980-06-01 00:00:00,220.48274,218.70717,68213.86,0.0,,0,-90.0,335.25,0001,,-52.66725,-54.442825
1980-06-01 06:00:00,,,,,,0,-90.0,335.25,,8.639997e-11,,
1980-07-01 00:00:00,220.21733,217.40646,68645.99,0.0,,0,-90.0,335.25,0001,,-52.932663,-55.74353
1980-07-01 06:00:00,,,,,,0,-90.0,335.25,,8.639997e-11,,
1980-08-01 00:00:00,217.65794,214.74966,68609.95,0.0,,0,-90.0,335.25,0001,,-55.49205,-58.40033
1980-08-01 06:00:00,,,,,,0,-90.0,335.25,,8.639997e-11,,
1980-09-01 00:00:00,219.13945,216.82687,68554.16,0.0,,0,-90.0,335.25,0001,,-54.010544,-56.32312
1980-09-01 06:00:00,,,,,,0,-90.0,335.25,,58931.195,,
1980-10-01 00:00:00,226.50049,225.2455,68081.77,0.0,,0,-90.0,335.25,0001,,-46.649506,-47.904495
1980-10-01 06:00:00,,,,,,0,-90.0,335.25,,1839616.0,,
1980-11-01 00:00:00,239.14691,238.24269,69367.14,0.0,,0,-90.0,335.25,0001,,-34.003082,-34.907303
1980-11-01 06:00:00,,,,,,0,-90.0,335.25,,4590080.0,,
1980-12-01 00:00:00,243.29791,242.7259,69306.93,0.0,,0,-90.0,335.25,0001,,-29.852081,-30.424088
1980-12-01 06:00:00,,,,,,0,-90.0,335.25,,6234624.0,,
1981-01-01 00:00:00,245.25589,244.56496,69302.42,0.0,,0,-90.0,335.25,0001,,-27.894104,-28.585037
1981-01-01 06:00:00,,,,,,0,-90.0,335.25,,5260288.0,,
1981-02-01 00:00:00,235.68684,234.43253,69032.25,0.0,,0,-90.0,335.25,0001,,-37.46315,-38.71747
1981-02-01 06:00:00,,,,,,0,-90.0,335.25,,3059200.0,,
1981-03-01 00:00:00,226.18594,224.05115,69313.45,0.0,,0,-90.0,335.25,0001,,-46.96405,-49.098846
1981-03-01 06:00:00,,,,,,0,-90.0,335.25,,481208.7,,
1981-04-01 00:00:00,222.30273,219.55542,68458.91,0.0,,0,-90.0,335.25,0001,,-50.84726,-53.594574
1981-04-01 06:00:00,,,,,,0,-90.0,335.25,,8.639997e-11,,
1981-05-01 00:00:00,225.3319,223.94835,68697.36,0.0,,0,-90.0,335.25,0001,,-47.8181,-49.201645
1981-05-01 06:00:00,,,,,,0,-90.0,335.25,,8.639997e-11,,
1981-06-01 00:00:00,221.78053,220.12619,68352.03,0.0,,0,-90.0,335.25,0001,,-51.36946,-53.023804
1981-06-01 06:00:00,,,,,,0,-90.0,335.25,,8.639997e-11,,
1981-07-01 00:00:00,223.57516,221.3308,68834.2,0.0,,0,-90.0,335.25,0001,,-49.57483,-51.8192
1981-07-01 06:00:00,,,,,,0,-90.0,335.25,,8.639997e-11,,
1981-08-01 00:00:00,224.7367,222.54022,69056.81,0.0,,0,-90.0,335.25,0001,,-48.4133,-50.60977
1981-08-01 06:00:00,,,,,,0,-90.0,335.25,,8.639997e-11,,
1981-09-01 00:00:00,218.44664,215.66388,67907.83,0.0,,0,-90.0,335.25,0001,,-54.703354,-57.486115
1981-09-01 06:00:00,,,,,,0,-90.0,335.25,,80308.0,,
1981-10-01 00:00:00,221.37476,219.1851,68135.484,0.0,,0,-90.0,335.25,0001,,-51.775238,-53.96489
1981-10-01 06:00:00,,,,,,0,-90.0,335.25,,2103808.0,,
1981-11-01 00:00:00,234.71686,233.50923,68334.85,0.0,,0,-90.0,335.25,0001,,-38.433136,-39.640762
1981-11-01 06:00:00,,,,,,0,-90.0,335.25,,4922880.0,,
1981-12-01 00:00:00,244.18193,243.46521,68745.05,0.0,,0,-90.0,335.25,0001,,-28.968063,-29.684784
1981-12-01 06:00:00,,,,,,0,-90.0,335.25,,6173696.0,,
1982-01-01 00:00:00,243.688,242.61592,69568.875,0.0,,0,-90.0,335.25,0001,,-29.46199,-30.534073
1982-01-01 06:00:00,,,,,,0,-90.0,335.25,,5612032.0,,
1982-02-01 00:00:00,235.07713,233.43845,68943.06,0.0,,0,-90.0,335.25,0001,,-38.07286,-39.711548
1982-02-01 06:00:00,,,,,,0,-90.0,335.25,,3179520.0,,
1982-03-01 00:00:00,225.20068,223.85393,67970.64,0.0,,0,-90.0,335.25,0001,,-47.94931,-49.296066
1982-03-01 06:00:00,,,,,,0,-90.0,335.25,,438970.62,,
1982-04-01 00:00:00,225.78883,223.81473,68158.56,0.0,,0,-90.0,335.25,0001,,-47.36116,-49.335266
1982-04-01 06:00:00,,,,,,0,-90.0,335.25,,8.639997e-11,,
1982-05-01 00:00:00,224.23497,222.02846,68185.09,0.0,,0,-90.0,335.25,0001,,-48.915024,-51.121536
1982-05-01 06:00:00,,,,,,0,-90.0,335.25,,8.639997e-11,,
1982-06-01 00:00:00,220.45874,218.79364,67865.94,0.0,,0,-90.0,335.25,0001,,-52.691254,-54.356354
1982-06-01 06:00:00,,,,,,0,-90.0,335.25,,8.639997e-11,,
1982-07-01 00:00:00,222.10342,219.6295,68488.09,0.0,,0,-90.0,335.25,0001,,-51.04657,-53.520493
1982-07-01 06:00:00,,,,,,0,-90.0,335.25,,8.639997e-11,,
1982-08-01 00:00:00,218.90213,216.75497,67907.96,0.0,,0,-90.0,335.25,0001,,-54.247864,-56.39502
1982-08-01 06:00:00,,,,,,0,-90.0,335.25,,8.639997e-11,,
1982-09-01 00:00:00,218.30434,216.03018,67668.58,0.0,,0,-90.0,335.25,0001,,-54.845657,-57.119812
1982-09-01 06:00:00,,,,,,0,-90.0,335.25,,50940.582,,
1982-10-01 00:00:00,229.27597,227.77887,68309.76,0.0,,0,-90.0,335.25,0001,,-43.874023,-45.371124
1982-10-01 06:00:00,,,,,,0,-90.0,335.25,,1723904.0,,
1982-11-01 00:00:00,239.8926,238.7021,69336.39,0.0,,0,-90.0,335.25,0001,,-33.2574,-34.44789
1982-11-01 06:00:00,,,,,,0,-90.0,335.25,,4900352.0,,
1982-12-01 00:00:00,245.39165,244.62587,70016.984,0.0,,0,-90.0,335.25,0001,,-27.758347,-28.524124
1982-12-01 06:00:00,,,,,,0,-90.0,335.25,,6193664.0,,
1983-01-01 00:00:00,245.01595,244.50575,69633.65,0.0,,0,-90.0,335.25,0001,,-28.134048,-28.644241
1983-01-01 06:00:00,,,,,,0,-90.0,335.25,,5266944.0,,
1983-02-01 00:00:00,234.6415,233.23352,69206.49,0.0,,0,-90.0,335.25,0001,,-38.5085,-39.916473
1983-02-01 06:00:00,,,,,,0,-90.0,335.25,,3051520.0,,
1983-03-01 00:00:00,225.58875,223.52484,68816.83,0.0,,0,-90.0,335.25,0001,,-47.56125,-49.625153
1983-03-01 06:00:00,,,,,,0,-90.0,335.25,,483225.12,,
1983-04-01 00:00:00,223.38055,221.19534,68846.53,0.0,,0,-90.0,335.25,0001,,-49.76944,-51.95465
1983-04-01 06:00:00,,,,,,0,-90.0,335.25,,8.639997e-11,,
1983-05-01 00:00:00,222.73497,220.5014,69286.68,0.0,,0,-90.0,335.25,0001,,-50.415024,-52.64859
1983-05-01 06:00:00,,,,,,0,-90.0,335.25,,8.639997e-11,,
1983-06-01 00:00:00,219.1412,216.65842,68362.16,0.0,,0,-90.0,335.25,0001,,-54.00879,-56.491577
1983-06-01 06:00:00,,,,,,0,-90.0,335.25,,8.639997e-11,,
1983-07-01 00:00:00,218.39453,216.5431,67837.336,0.0,,0,-90.0,335.25,0001,,-54.755463,-56.606888
1983-07-01 06:00:00,,,,,,0,-90.0,335.25,,8.639997e-11,,
1983-08-01 00:00:00,221.72867,219.36688,68148.78,0.0,,0,-90.0,335.25,0001,,-51.421326,-53.78311
1983-08-01 06:00:00,,,,,,0,-90.0,335.25,,8.639997e-11,,
1983-09-01 00:00:00,220.97263,218.67793,67991.89,0.0,,0,-90.0,335.25,0001,,-52.17737,-54.47206
1983-09-01 06:00:00,,,,,,0,-90.0,335.25,,59610.023,,
1983-10-01 00:00:00,226.25679,224.8138,67826.16,0.0,,0,-90.0,335.25,0001,,-46.893204,-48.336197
1983-10-01 06:00:00,,,,,,0,-90.0,335.25,,1940992.0,,
1983-11-01 00:00:00,235.27866,234.89993,68145.28,0.0,,0,-90.0,335.25,0001,,-37.871338,-38.25006
1983-11-01 06:00:00,,,,,,0,-90.0,335.25,,4417536.0,,
1983-12-01 00:00:00,242.11629,241.19522,69157.516,0.0,,0,-90.0,335.25,0001,,-31.033707,-31.954773
1983-12-01 06:00:00,,,,,,0,-90.0,335.25,,6439424.0,,
1984-01-01 00:00:00,245.05217,244.13773,69881.91,0.0,,0,-90.0,335.25,0001,,-28.097824,-29.012268
1984-01-01 06:00:00,,,,,,0,-90.0,335.25,,5473280.0,,
1984-02-01 00:00:00,238.15327,237.63683,69124.49,0.0,,0,-90.0,335.25,0001,,-34.99672,-35.51317
1984-02-01 06:00:00,,,,,,0,-90.0,335.25,,2701312.0,,
1984-03-01 00:00:00,228.06125,226.02527,68623.8,0.0,,0,-90.0,335.25,0001,,-45.088745,-47.124725
1984-03-01 06:00:00,,,,,,0,-90.0,335.25,,388971.5,,
1984-04-01 00:00:00,220.67174,218.47467,68639.17,0.0,,0,-90.0,335.25,0001,,-52.478256,-54.675323
1984-04-01 06:00:00,,,,,,0,-90.0,335.25,,8.639997e-11,,
1984-05-01 00:00:00,224.26106,222.18764,69028.77,0.0,,0,-90.0,335.25,0001,,-48.88893,-50.962357
1984-05-01 06:00:00,,,,,,0,-90.0,335.25,,8.639997e-11,,
1984-06-01 00:00:00,215.80789,213.46562,68354.484,0.0,,0,-90.0,335.25,0001,,-57.342102,-59.684372
1984-06-01 06:00:00,,,,,,0,-90.0,335.25,,8.639997e-11,,
1984-07-01 00:00:00,224.76154,223.23505,68155.95,0.0,,0,-90.0,335.25,0001,,-48.38846,-49.914948
1984-07-01 06:00:00,,,,,,0,-90.0,335.25,,8.639997e-11,,
1984-08-01 00:00:00,219.46269,217.82881,68447.586,0.0,,0,-90.0,335.25,0001,,-53.6873,-55.321182
1984-08-01 06:00:00,,,,,,0,-90.0,335.25,,8.639997e-11,,
1984-09-01 00:00:00,221.28578,219.24525,68226.16,0.0,,0,-90.0,335.25,0001,,-51.864212,-53.90474
1984-09-01 06:00:00,,,,,,0,-90.0,335.25,,69009.19,,
1984-10-01 00:00:00,223.3413,222.14133,68014.38,0.0,,0,-90.0,335.25,0001,,-49.8087,-51.008667
1984-10-01 06:00:00,,,,,,0,-90.0,335.25,,1946112.0,,
1984-11-01 00:00:00,235.40237,234.36307,68773.766,0.0,,0,-90.0,335.25,0001,,-37.74762,-38.786926
1984-11-01 06:00:00,,,,,,0,-90.0,335.25,,4929024.0,,
1984-12-01 00:00:00,245.14487,244.69148,70024.47,0.0,,0,-90.0,335.25,0001,,-28.005127,-28.458511
1984-12-01 06:00:00,,,,,,0,-90.0,335.25,,6040064.0,,
1985-01-01 00:00:00,243.26093,242.16002,69841.44,0.0,,0,-90.0,335.25,0001,,-29.889069,-30.989975
1985-01-01 06:00:00,,,,,,0,-90.0,335.25,,5686784.0,,
1985-02-01 00:00:00,234.43958,233.27985,68780.7,0.0,,0,-90.0,335.25,0001,,-38.71042,-39.870148
1985-02-01 06:00:00,,,,,,0,-90.0,335.25,,2936832.0,,
1985-03-01 00:00:00,225.76422,224.03578,68816.945,0.0,,0,-90.0,335.25,0001,,-47.385773,-49.114212
1985-03-01 06:00:00,,,,,,0,-90.0,335.25,,420581.38,,
1985-04-01 00:00:00,224.02055,221.68607,68727.516,0.0,,0,-90.0,335.25,0001,,-49.12944,-51.46393
1985-04-01 06:00:00,,,,,,0,-90.0,335.25,,8.639997e-11,,
1985-05-01 00:00:00,220.55777,218.67337,68593.56,0.0,,0,-90.0,335.25,0001,,-52.592224,-54.476624
1985-05-01 06:00:00,,,,,,0,-90.0,335.25,,8.639997e-11,,
1985-06-01 00:00:00,224.97505,223.53136,68747.266,0.0,,0,-90.0,335.25,0001,,-48.174942,-49.618637
1985-06-01 06:00:00,,,,,,0,-90.0,335.25,,8.639997e-11,,
1985-07-01 00:00:00,220.63736,218.51845,66901.7,0.0,,0,-90.0,335.25,0001,,-52.512634,-54.631546
1985-07-01 06:00:00,,,,,,0,-90.0,335.25,,8.639997e-11,,
1985-08-01 00:00:00,220.67484,218.12828,68398.11,0.0,,0,-90.0,335.25,0001,,-52.47516,-55.021713
1985-08-01 06:00:00,,,,,,0,-90.0,335.25,,8.639997e-11,,
1985-09-01 00:00:00,218.09393,215.58383,67877.33,0.0,,0,-90.0,335.25,0001,,-55.05606,-57.566162
1985-09-01 06:00:00,,,,,,0,-90.0,335.25,,62554.688,,
1985-10-01 00:00:00,226.6332,225.26833,68152.695,0.0,,0,-90.0,335.25,0001,,-46.5168,-47.881668
1985-10-01 06:00:00,,,,,,0,-90.0,335.25,,1845760.0,,
1985-11-01 00:00:00,237.02843,236.59467,67944.19,0.0,,0,-90.0,335.25,0001,,-36.121567,-36.55533
1985-11-01 06:00:00,,,,,,0,-90.0,335.25,,4476928.0,,
1985-12-01 00:00:00,242.02258,241.4651,68860.484,0.0,,0,-90.0,335.25,0001,,-31.12741,-31.68489
1985-12-01 06:00:00,,,,,,0,-90.0,335.25,,6233088.0,,
1986-01-01 00:00:00,247.72476,247.0919,69594.5,0.0,,0,-90.0,335.25,0001,,-25.425232,-26.05809
1986-01-01 06:00:00,,,,,,0,-90.0,335.25,,5199360.0,,
1986-02-01 00:00:00,238.9261,238.10542,69914.875,0.0,,0,-90.0,335.25,0001,,-34.223892,-35.04457
1986-02-01 06:00:00,,,,,,0,-90.0,335.25,,2999296.0,,
1986-03-01 00:00:00,226.67691,226.82802,69023.61,0.0,,0,-90.0,335.25,0001,,-46.473083,-46.321976
1986-03-01 06:00:00,,,,,,0,-90.0,335.25,,430650.38,,
1986-04-01 00:00:00,225.22215,225.43843,68649.72,0.0,,0,-90.0,335.25,0001,,-47.92784,-47.711563
1986-04-01 06:00:00,,,,,,0,-90.0,335.25,,8.639997e-11,,
1986-05-01 00:00:00,217.72092,217.22717,69047.19,0.0,,0,-90.0,335.25,0001,,-55.429077,-55.92282
1986-05-01 06:00:00,,,,,,0,-90.0,335.25,,8.639997e-11,,
1986-06-01 00:00:00,217.068,215.9691,68610.8,0.0,,0,-90.0,335.25,0001,,-56.082,-57.180893
1986-06-01 06:00:00,,,,,,0,-90.0,335.25,,8.639997e-11,,
1986-07-01 00:00:00,219.58264,218.54066,68014.76,0.0,,0,-90.0,335.25,0001,,-53.567352,-54.60933
1986-07-01 06:00:00,,,,,,0,-90.0,335.25,,8.639997e-11,,
1986-08-01 00:00:00,219.00458,218.34833,67817.97,0.0,,0,-90.0,335.25,0001,,-54.145416,-54.801666
1986-08-01 06:00:00,,,,,,0,-90.0,335.25,,8.639997e-11,,
1986-09-01 00:00:00,216.83772,214.82423,67045.61,0.0,,0,-90.0,335.25,0001,,-56.31227,-58.32576
1986-09-01 06:00:00,,,,,,0,-90.0,335.25,,52480.0,,
1986-10-01 00:00:00,222.95868,223.01926,67852.31,0.0,,0,-90.0,335.25,0001,,-50.191315,-50.130737
1986-10-01 06:00:00,,,,,,0,-90.0,335.25,,2052608.0,,
1986-11-01 00:00:00,236.75069,237.85677,68275.46,0.0,,0,-90.0,335.25,0001,,-36.399307,-35.29323
1986-11-01 06:00:00,,,,,,0,-90.0,335.25,,4325376.0,,
1986-12-01 00:00:00,245.089,244.17917,69092.04,0.0,,0,-90.0,335.25,0001,,-28.06099,-28.970825
1986-12-01 06:00:00,,,,,,0,-90.0,335.25,,6157824.0,,
1987-01-01 00:00:00,245.96306,243.80177,70181.51,0.0,,0,-90.0,335.25,0001,,-27.186935,-29.34822
1987-01-01 06:00:00,,,,,,0,-90.0,335.25,,5565440.0,,
1987-02-01 00:00:00,236.86386,237.93515,68992.26,0.0,,0,-90.0,335.25,0001,,-36.286133,-35.214844
1987-02-01 06:00:00,,,,,,0,-90.0,335.25,,2596352.0,,
1987-03-01 00:00:00,226.82303,226.13792,68790.23,0.0,,0,-90.0,335.25,0001,,-46.326965,-47.01207
1987-03-01 06:00:00,,,,,,0,-90.0,335.25,,474561.44,,
1987-04-01 00:00:00,222.3049,220.83705,68631.516,0.0,,0,-90.0,335.25,0001,,-50.845093,-52.312943
1987-04-01 06:00:00,,,,,,0,-90.0,335.25,,8.639997e-11,,
1987-05-01 00:00:00,220.82127,219.97775,68637.17,0.0,,0,-90.0,335.25,0001,,-52.32872,-53.17224
1987-05-01 06:00:00,,,,,,0,-90.0,335.25,,8.639997e-11,,
1987-06-01 00:00:00,222.77274,221.26775,68853.16,0.0,,0,-90.0,335.25,0001,,-50.37726,-51.882248
1987-06-01 06:00:00,,,,,,0,-90.0,335.25,,8.639997e-11,,
1987-07-01 00:00:00,219.93303,217.91194,68762.14,0.0,,0,-90.0,335.25,0001,,-53.216965,-55.238052
1987-07-01 06:00:00,,,,,,0,-90.0,335.25,,8.639997e-11,,
1987-08-01 00:00:00,213.21198,211.28772,67275.12,0.0,,0,-90.0,335.25,0001,,-59.93802,-61.862274
1987-08-01 06:00:00,,,,,,0,-90.0,335.25,,8.639997e-11,,
1987-09-01 00:00:00,219.46468,216.76,68637.83,0.0,,0,-90.0,335.25,0001,,-53.685318,-56.39
1987-09-01 06:00:00,,,,,,0,-90.0,335.25,,61199.605,,
1987-10-01 00:00:00,224.18968,223.68474,68146.1,0.0,,0,-90.0,335.25,0001,,-48.96031,-49.465256
1987-10-01 06:00:00,,,,,,0,-90.0,335.25,,1944576.0,,
1987-11-01 00:00:00,232.75136,232.03009,68414.85,0.0,,0,-90.0,335.25,0001,,-40.398636,-41.119904
1987-11-01 06:00:00,,,,,,0,-90.0,335.25,,5038592.0,,
1987-12-01 00:00:00,243.0956,241.37154,69216.266,0.0,,0,-90.0,335.25,0001,,-30.054398,-31.778458
1987-12-01 06:00:00,,,,,,0,-90.0,335.25,,6427648.0,,
1988-01-01 00:00:00,245.00223,244.05519,69579.984,0.0,,0,-90.0,335.25,0001,,-28.147766,-29.094803
1988-01-01 06:00:00,,,,,,0,-90.0,335.25,,5391360.0,,
1988-02-01 00:00:00,233.60167,233.85812,68681.03,0.0,,0,-90.0,335.25,0001,,-39.548325,-39.29187
1988-02-01 06:00:00,,,,,,0,-90.0,335.25,,2963456.0,,
1988-03-01 00:00:00,229.69586,228.71562,68831.2,0.0,,0,-90.0,335.25,0001,,-43.454132,-44.434372
1988-03-01 06:00:00,,,,,,0,-90.0,335.25,,393996.7,,
1988-04-01 00:00:00,223.22792,221.52129,68651.19,0.0,,0,-90.0,335.25,0001,,-49.922073,-51.628708
1988-04-01 06:00:00,,,,,,0,-90.0,335.25,,8.639997e-11,,
1988-05-01 00:00:00,220.04684,218.06482,68871.836,0.0,,0,-90.0,335.25,0001,,-53.10315,-55.085175
1988-05-01 06:00:00,,,,,,0,-90.0,335.25,,8.639997e-11,,
1988-06-01 00:00:00,222.99583,221.28372,69377.3,0.0,,0,-90.0,335.25,0001,,-50.15416,-51.866272
1988-06-01 06:00:00,,,,,,0,-90.0,335.25,,8.639997e-11,,
1988-07-01 00:00:00,217.43625,216.2866,67839.56,0.0,,0,-90.0,335.25,0001,,-55.713745,-56.863388
1988-07-01 06:00:00,,,,,,0,-90.0,335.25,,8.639997e-11,,
1988-08-01 00:00:00,220.40045,219.44858,68523.05,0.0,,0,-90.0,335.25,0001,,-52.749542,-53.701416
1988-08-01 06:00:00,,,,,,0,-90.0,335.25,,8.639997e-11,,
1988-09-01 00:00:00,220.9628,219.93741,68843.22,0.0,,0,-90.0,335.25,0001,,-52.187195,-53.212585
1988-09-01 06:00:00,,,,,,0,-90.0,335.25,,64977.414,,
1988-10-01 00:00:00,226.56693,225.79512,69455.9,0.0,,0,-90.0,335.25,0001,,-46.58307,-47.354874
1988-10-01 06:00:00,,,,,,0,-90.0,335.25,,2068480.0,,
1988-11-01 00:00:00,235.50568,235.15486,68566.2,0.0,,0,-90.0,335.25,0001,,-37.644318,-37.995132
1988-11-01 06:00:00,,,,,,0,-90.0,335.25,,4814336.0,,
1988-12-01 00:00:00,243.95177,243.2283,68956.805,0.0,,0,-90.0,335.25,0001,,-29.198227,-29.921692
1988-12-01 06:00:00,,,,,,0,-90.0,335.25,,6187008.0,,
1989-01-01 00:00:00,242.77063,242.4863,69395.81,0.0,,0,-90.0,335.25,0001,,-30.379364,-30.663696
1989-01-01 06:00:00,,,,,,0,-90.0,335.25,,5374464.0,,
1989-02-01 00:00:00,235.12271,235.21294,68829.58,0.0,,0,-90.0,335.25,0001,,-38.027283,-37.937057
1989-02-01 06:00:00,,,,,,0,-90.0,335.25,,2961920.0,,
1989-03-01 00:00:00,225.58356,224.3339,68947.9,0.0,,0,-90.0,335.25,0001,,-47.566437,-48.8161
1989-03-01 06:00:00,,,,,,0,-90.0,335.25,,451531.62,,
1989-04-01 00:00:00,220.02342,218.22023,68709.22,0.0,,0,-90.0,335.25,0001,,-53.12657,-54.929764
1989-04-01 06:00:00,,,,,,0,-90.0,335.25,,8.639997e-11,,
1989-05-01 00:00:00,218.72708,217.09009,67531.45,0.0,,0,-90.0,335.25,0001,,-54.422913,-56.059906
1989-05-01 06:00:00,,,,,,0,-90.0,335.25,,8.639997e-11,,
1989-06-01 00:00:00,218.17879,216.82492,67887.95,0.0,,0,-90.0,335.25,0001,,-54.971207,-56.325073
1989-06-01 06:00:00,,,,,,0,-90.0,335.25,,8.639997e-11,,
1989-07-01 00:00:00,219.56737,218.19029,68065.52,0.0,,0,-90.0,335.25,0001,,-53.582626,-54.9597
1989-07-01 06:00:00,,,,,,0,-90.0,335.25,,8.639997e-11,,
1989-08-01 00:00:00,220.38324,219.64272,68675.7,0.0,,0,-90.0,335.25,0001,,-52.766754,-53.50728
1989-08-01 06:00:00,,,,,,0,-90.0,335.25,,8.639997e-11,,
1989-09-01 00:00:00,221.94106,220.57811,68345.53,0.0,,0,-90.0,335.25,0001,,-51.20894,-52.571884
1989-09-01 06:00:00,,,,,,0,-90.0,335.25,,58297.83,,
1989-10-01 00:00:00,224.23535,223.69072,68102.74,0.0,,0,-90.0,335.25,0001,,-48.914642,-49.459274
1989-10-01 06:00:00,,,,,,0,-90.0,335.25,,1910784.0,,
1989-11-01 00:00:00,236.85419,237.0719,68933.58,0.0,,0,-90.0,335.25,0001,,-36.295807,-36.078094
1989-11-01 06:00:00,,,,,,0,-90.0,335.25,,4644864.0,,
1989-12-01 00:00:00,245.95956,244.02513,69624.15,0.0,,0,-90.0,335.25,0001,,-27.19043,-29.124863
1989-12-01 06:00:00,,,,,,0,-90.0,335.25,,6477312.0,,
1990-01-01 00:00:00,245.7696,245.3349,69469.19,0.0,,0,-90.0,335.25,0001,,-27.380386,-27.815094
1990-01-01 06:00:00,,,,,,0,-90.0,335.25,,5215232.0,,
1990-02-01 00:00:00,234.30223,234.19363,68787.74,0.0,,0,-90.0,335.25,0001,,-38.847763,-38.95636
1990-02-01 06:00:00,,,,,,0,-90.0,335.25,,2994176.0,,
1990-03-01 00:00:00,224.7902,223.37253,68759.75,0.0,,0,-90.0,335.25,0001,,-48.359787,-49.777466
1990-03-01 06:00:00,,,,,,0,-90.0,335.25,,456030.75,,
1990-04-01 00:00:00,220.9397,218.65527,69206.52,0.0,,0,-90.0,335.25,0001,,-52.210297,-54.49472
1990-04-01 06:00:00,,,,,,0,-90.0,335.25,,8.639997e-11,,
1990-05-01 00:00:00,218.99728,217.39345,69154.734,0.0,,0,-90.0,335.25,0001,,-54.15271,-55.756546
1990-05-01 06:00:00,,,,,,0,-90.0,335.25,,8.639997e-11,,
1990-06-01 00:00:00,222.67064,221.78215,68802.19,0.0,,0,-90.0,335.25,0001,,-50.479355,-51.367844
1990-06-01 06:00:00,,,,,,0,-90.0,335.25,,8.639997e-11,,
1990-07-01 00:00:00,221.11539,219.61081,68837.09,0.0,,0,-90.0,335.25,0001,,-52.034607,-53.539185
1990-07-01 06:00:00,,,,,,0,-90.0,335.25,,8.639997e-11,,
1990-08-01 00:00:00,218.04848,216.55414,68135.13,0.0,,0,-90.0,335.25,0001,,-55.101517,-56.595856
1990-08-01 06:00:00,,,,,,0,-90.0,335.25,,8.639997e-11,,
1990-09-01 00:00:00,219.96027,218.4504,67377.945,0.0,,0,-90.0,335.25,0001,,-53.189728,-54.6996
1990-09-01 06:00:00,,,,,,0,-90.0,335.25,,61596.277,,
1990-10-01 00:00:00,228.14995,227.10191,68518.03,0.0,,0,-90.0,335.25,0001,,-45.000046,-46.04808
1990-10-01 06:00:00,,,,,,0,-90.0,335.25,,1986048.0,,
1990-11-01 00:00:00,239.22783,238.2829,69174.59,0.0,,0,-90.0,335.25,0001,,-33.922165,-34.867096
1990-11-01 06:00:00,,,,,,0,-90.0,335.25,,4606976.0,,
1990-12-01 00:00:00,247.00874,245.72842,69539.09,0.0,,0,-90.0,335.25,0001,,-26.14125,-27.42157
1990-12-01 06:00:00,,,,,,0,-90.0,335.25,,6124032.0,,
1991-01-01 00:00:00,244.19664,242.79407,69011.33,0.0,,0,-90.0,335.25,0001,,-28.953354,-30.355927
1991-01-01 06:00:00,,,,,,0,-90.0,335.25,,5605888.0,,
1991-02-01 00:00:00,237.3738,236.93025,69598.25,0.0,,0,-90.0,335.25,0001,,-35.7762,-36.21974
1991-02-01 06:00:00,,,,,,0,-90.0,335.25,,3045888.0,,
1991-03-01 00:00:00,225.35486,224.46278,68260.19,0.0,,0,-90.0,335.25,0001,,-47.795135,-48.68721
1991-03-01 06:00:00,,,,,,0,-90.0,335.25,,418749.8,,
1991-04-01 00:00:00,221.45154,219.87085,68724.28,0.0,,0,-90.0,335.25,0001,,-51.698456,-53.279144
1991-04-01 06:00:00,,,,,,0,-90.0,335.25,,8.639997e-11,,
1991-05-01 00:00:00,221.40442,219.07841,68411.81,0.0,,0,-90.0,335.25,0001,,-51.745575,-54.07158
1991-05-01 06:00:00,,,,,,0,-90.0,335.25,,8.639997e-11,,
1991-06-01 00:00:00,220.22807,218.21771,68931.13,0.0,,0,-90.0,335.25,0001,,-52.92192,-54.93228
1991-06-01 06:00:00,,,,,,0,-90.0,335.25,,8.639997e-11,,
1991-07-01 00:00:00,222.43257,220.70215,68706.875,0.0,,0,-90.0,335.25,0001,,-50.717422,-52.447845
1991-07-01 06:00:00,,,,,,0,-90.0,335.25,,8.639997e-11,,
1991-08-01 00:00:00,220.32286,217.84578,68001.61,0.0,,0,-90.0,335.25,0001,,-52.827133,-55.304214
1991-08-01 06:00:00,,,,,,0,-90.0,335.25,,8.639997e-11,,
1991-09-01 00:00:00,224.3897,222.85196,68736.75,0.0,,0,-90.0,335.25,0001,,-48.7603,-50.298035
1991-09-01 06:00:00,,,,,,0,-90.0,335.25,,50434.887,,
1991-10-01 00:00:00,226.52348,226.16937,68122.5,0.0,,0,-90.0,335.25,0001,,-46.62651,-46.98062
1991-10-01 06:00:00,,,,,,0,-90.0,335.25,,1845760.0,,
1991-11-01 00:00:00,236.09547,236.33165,68868.7,0.0,,0,-90.0,335.25,0001,,-37.05452,-36.818344
1991-11-01 06:00:00,,,,,,0,-90.0,335.25,,4633088.0,,
1991-12-01 00:00:00,245.70018,243.84796,70233.44,0.0,,0,-90.0,335.25,0001,,-27.449814,-29.302032
1991-12-01 06:00:00,,,,,,0,-90.0,335.25,,6319104.0,,
1992-01-01 00:00:00,243.74757,242.36467,69304.04,0.0,,0,-90.0,335.25,0001,,-29.40242,-30.785324
1992-01-01 06:00:00,,,,,,0,-90.0,335.25,,5389824.0,,
1992-02-01 00:00:00,232.81134,232.141,69344.16,0.0,,0,-90.0,335.25,0001,,-40.338654,-41.008987
1992-02-01 06:00:00,,,,,,0,-90.0,335.25,,3094528.0,,
1992-03-01 00:00:00,223.13295,220.73897,68686.2,0.0,,0,-90.0,335.25,0001,,-50.017044,-52.411026
1992-03-01 06:00:00,,,,,,0,-90.0,335.25,,460413.06,,
1992-04-01 00:00:00,225.88658,224.05107,68518.21,0.0,,0,-90.0,335.25,0001,,-47.263412,-49.098923
1992-04-01 06:00:00,,,,,,0,-90.0,335.25,,8.639997e-11,,
1992-05-01 00:00:00,221.05904,219.02478,69080.85,0.0,,0,-90.0,335.25,0001,,-52.090958,-54.125214
1992-05-01 06:00:00,,,,,,0,-90.0,335.25,,8.639997e-11,,
1992-06-01 00:00:00,222.42722,221.04193,69144.91,0.0,,0,-90.0,335.25,0001,,-50.72278,-52.108063
1992-06-01 06:00:00,,,,,,0,-90.0,335.25,,8.639997e-11,,
1992-07-01 00:00:00,217.8145,215.97768,68284.47,0.0,,0,-90.0,335.25,0001,,-55.335495,-57.172318
1992-07-01 06:00:00,,,,,,0,-90.0,335.25,,8.639997e-11,,
1992-08-01 00:00:00,217.68999,216.38148,67812.25,0.0,,0,-90.0,335.25,0001,,-55.460007,-56.76851
1992-08-01 06:00:00,,,,,,0,-90.0,335.25,,8.639997e-11,,
1992-09-01 00:00:00,220.61728,219.36765,67677.59,0.0,,0,-90.0,335.25,0001,,-52.532715,-53.78235
1992-09-01 06:00:00,,,,,,0,-90.0,335.25,,64726.902,,
1992-10-01 00:00:00,230.21779,229.63603,68540.41,0.0,,0,-90.0,335.25,0001,,-42.932205,-43.51396
1992-10-01 06:00:00,,,,,,0,-90.0,335.25,,1882112.0,,
1992-11-01 00:00:00,236.2248,236.03304,68387.45,0.0,,0,-90.0,335.25,0001,,-36.9252,-37.11696
1992-11-01 06:00:00,,,,,,0,-90.0,335.25,,4754944.0,,
1992-12-01 00:00:00,243.09181,242.54022,69058.55,0.0,,0,-90.0,335.25,0001,,-30.058182,-30.609772
1992-12-01 06:00:00,,,,,,0,-90.0,335.25,,6055936.0,,
1993-01-01 00:00:00,245.44385,245.59633,69884.33,0.0,,0,-90.0,335.25,0001,,-27.706146,-27.553665
1993-01-01 06:00:00,,,,,,0,-90.0,335.25,,5052928.0,,
1993-02-01 00:00:00,235.1862,235.79971,68636.58,0.0,,0,-90.0,335.25,0001,,-37.96379,-37.35028
1993-02-01 06:00:00,,,,,,0,-90.0,335.25,,2689024.0,,
1993-03-01 00:00:00,226.68866,226.2339,68674.42,0.0,,0,-90.0,335.25,0001,,-46.461334,-46.916092
1993-03-01 06:00:00,,,,,,0,-90.0,335.25,,434054.2,,
1993-04-01 00:00:00,222.39584,221.75931,68440.055,0.0,,0,-90.0,335.25,0001,,-50.75415,-51.390686
1993-04-01 06:00:00,,,,,,0,-90.0,335.25,,8.639997e-11,,
1993-05-01 00:00:00,223.55904,222.52359,68100.09,0.0,,0,-90.0,335.25,0001,,-49.590958,-50.626404
1993-05-01 06:00:00,,,,,,0,-90.0,335.25,,8.639997e-11,,
1993-06-01 00:00:00,218.82997,217.7151,68072.71,0.0,,0,-90.0,335.25,0001,,-54.320023,-55.43489
1993-06-01 06:00:00,,,,,,0,-90.0,335.25,,8.639997e-11,,
1993-07-01 00:00:00,220.43242,219.92007,67777.016,0.0,,0,-90.0,335.25,0001,,-52.717575,-53.22992
1993-07-01 06:00:00,,,,,,0,-90.0,335.25,,8.639997e-11,,
1993-08-01 00:00:00,214.88028,213.64041,67450.914,0.0,,0,-90.0,335.25,0001,,-58.269714,-59.509583
1993-08-01 06:00:00,,,,,,0,-90.0,335.25,,8.639997e-11,,
1993-09-01 00:00:00,218.30281,217.69072,67886.234,0.0,,0,-90.0,335.25,0001,,-54.847183,-55.459274
1993-09-01 06:00:00,,,,,,0,-90.0,335.25,,64541.22,,
1993-10-01 00:00:00,226.22484,226.32367,67890.43,0.0,,0,-90.0,335.25,0001,,-46.925156,-46.826324
1993-10-01 06:00:00,,,,,,0,-90.0,335.25,,1905152.0,,
1993-11-01 00:00:00,236.4329,236.13991,68917.14,0.0,,0,-90.0,335.25,0001,,-36.717087,-37.010086
1993-11-01 06:00:00,,,,,,0,-90.0,335.25,,4717056.0,,
1993-12-01 00:00:00,244.55191,243.43307,68740.43,0.0,,0,-90.0,335.25,0001,,-28.598083,-29.716919
1993-12-01 06:00:00,,,,,,0,-90.0,335.25,,6071296.0,,
1994-01-01 00:00:00,244.13658,241.82228,69410.59,0.0,,0,-90.0,335.25,0001,,-29.013412,-31.327713
1994-01-01 06:00:00,,,,,,0,-90.0,335.25,,5562880.0,,
1994-02-01 00:00:00,232.3601,232.29933,68637.66,0.0,,0,-90.0,335.25,0001,,-40.789886,-40.850662
1994-02-01 06:00:00,,,,,,0,-90.0,335.25,,3102720.0,,
1994-03-01 00:00:00,224.19011,224.00856,68139.37,0.0,,0,-90.0,335.25,0001,,-48.959885,-49.141434
1994-03-01 06:00:00,,,,,,0,-90.0,335.25,,430963.44,,
1994-04-01 00:00:00,219.49158,218.49414,68818.414,0.0,,0,-90.0,335.25,0001,,-53.658417,-54.655853
1994-04-01 06:00:00,,,,,,0,-90.0,335.25,,8.639997e-11,,
1994-05-01 00:00:00,220.64809,219.86783,68082.41,0.0,,0,-90.0,335.25,0001,,-52.501907,-53.282166
1994-05-01 06:00:00,,,,,,0,-90.0,335.25,,8.639997e-11,,
1994-06-01 00:00:00,222.89365,221.0925,69712.64,0.0,,0,-90.0,335.25,0001,,-50.256348,-52.057495
1994-06-01 06:00:00,,,,,,0,-90.0,335.25,,8.639997e-11,,
1994-07-01 00:00:00,216.85947,215.28938,68224.08,0.0,,0,-90.0,335.25,0001,,-56.290527,-57.86061
1994-07-01 06:00:00,,,,,,0,-90.0,335.25,,8.639997e-11,,
1994-08-01 00:00:00,218.05806,217.20282,67725.75,0.0,,0,-90.0,335.25,0001,,-55.091934,-55.947174
1994-08-01 06:00:00,,,,,,0,-90.0,335.25,,8.639997e-11,,
1994-09-01 00:00:00,219.75037,218.5327,68248.47,0.0,,0,-90.0,335.25,0001,,-53.399628,-54.617294
1994-09-01 06:00:00,,,,,,0,-90.0,335.25,,52220.016,,
1994-10-01 00:00:00,225.3579,225.27943,68353.984,0.0,,0,-90.0,335.25,0001,,-47.7921,-47.87056
1994-10-01 06:00:00,,,,,,0,-90.0,335.25,,1941504.0,,
1994-11-01 00:00:00,237.56917,238.0727,69108.94,0.0,,0,-90.0,335.25,0001,,-35.580826,-35.0773
1994-11-01 06:00:00,,,,,,0,-90.0,335.25,,4282368.0,,
1994-12-01 00:00:00,243.48068,241.07983,68672.375,0.0,,0,-90.0,335.25,0001,,-29.669312,-32.07016
1994-12-01 06:00:00,,,,,,0,-90.0,335.25,,6490624.0,,
1995-01-01 00:00:00,241.37976,239.41348,68726.89,0.0,,0,-90.0,335.25,0001,,-31.770233,-33.73651
1995-01-01 06:00:00,,,,,,0,-90.0,335.25,,5635584.0,,
1995-02-01 00:00:00,235.8065,235.59328,68790.45,0.0,,0,-90.0,335.25,0001,,-37.34349,-37.556717
1995-02-01 06:00:00,,,,,,0,-90.0,335.25,,2890752.0,,
1995-03-01 00:00:00,226.32724,225.58994,68802.24,0.0,,0,-90.0,335.25,0001,,-46.822754,-47.56006
1995-03-01 06:00:00,,,,,,0,-90.0,335.25,,503905.0,,
1995-04-01 00:00:00,220.20555,219.55695,68266.22,0.0,,0,-90.0,335.25,0001,,-52.944443,-53.59305
1995-04-01 06:00:00,,,,,,0,-90.0,335.25,,8.639997e-11,,
1995-05-01 00:00:00,220.91228,219.88287,67854.72,0.0,,0,-90.0,335.25,0001,,-52.237717,-53.26712
1995-05-01 06:00:00,,,,,,0,-90.0,335.25,,8.639997e-11,,
1995-06-01 00:00:00,219.20259,218.42168,68774.72,0.0,,0,-90.0,335.25,0001,,-53.947403,-54.728317
1995-06-01 06:00:00,,,,,,0,-90.0,335.25,,8.639997e-11,,
1995-07-01 00:00:00,221.92114,220.1409,69316.55,0.0,,0,-90.0,335.25,0001,,-51.22885,-53.009094
1995-07-01 06:00:00,,,,,,0,-90.0,335.25,,8.639997e-11,,
1995-08-01 00:00:00,216.99245,216.22234,68327.63,0.0,,0,-90.0,335.25,0001,,-56.157547,-56.927658
1995-08-01 06:00:00,,,,,,0,-90.0,335.25,,8.639997e-11,,
1995-09-01 00:00:00,213.0945,211.37212,67750.56,0.0,,0,-90.0,335.25,0001,,-60.055496,-61.777878
1995-09-01 06:00:00,,,,,,0,-90.0,335.25,,60836.26,,
1995-10-01 00:00:00,226.8643,226.441,68565.59,0.0,,0,-90.0,335.25,0001,,-46.28569,-46.709
1995-10-01 06:00:00,,,,,,0,-90.0,335.25,,1803776.0,,
1995-11-01 00:00:00,236.53812,235.27971,68992.83,0.0,,0,-90.0,335.25,0001,,-36.611877,-37.870285
1995-11-01 06:00:00,,,,,,0,-90.0,335.25,,4927488.0,,
1995-12-01 00:00:00,245.22247,243.48798,68948.57,0.0,,0,-90.0,335.25,0001,,-27.92752,-29.662018
1995-12-01 06:00:00,,,,,,0,-90.0,335.25,,6145536.0,,
1996-01-01 00:00:00,243.9657,242.09012,69431.375,0.0,,0,-90.0,335.25,0001,,-29.184296,-31.059875
1996-01-01 06:00:00,,,,,,0,-90.0,335.25,,5489664.0,,
1996-02-01 00:00:00,237.90804,237.42934,69461.125,0.0,,0,-90.0,335.25,0001,,-35.24196,-35.720657
1996-02-01 06:00:00,,,,,,0,-90.0,335.25,,2797568.0,,
1996-03-01 00:00:00,224.53004,224.12871,68459.234,0.0,,0,-90.0,335.25,0001,,-48.61995,-49.021286
1996-03-01 06:00:00,,,,,,0,-90.0,335.25,,434300.94,,
1996-04-01 00:00:00,223.10526,222.55698,68724.72,0.0,,0,-90.0,335.25,0001,,-50.04474,-50.593018
1996-04-01 06:00:00,,,,,,0,-90.0,335.25,,8.639997e-11,,
1996-05-01 00:00:00,216.62769,215.63002,68385.14,0.0,,0,-90.0,335.25,0001,,-56.52231,-57.519974
1996-05-01 06:00:00,,,,,,0,-90.0,335.25,,8.639997e-11,,
1996-06-01 00:00:00,218.36478,218.50568,68433.0,0.0,,0,-90.0,335.25,0001,,-54.785217,-54.644318
1996-06-01 06:00:00,,,,,,0,-90.0,335.25,,8.639997e-11,,
1996-07-01 00:00:00,221.80379,221.09319,68184.33,0.0,,0,-90.0,335.25,0001,,-51.346207,-52.05681
1996-07-01 06:00:00,,,,,,0,-90.0,335.25,,8.639997e-11,,
1996-08-01 00:00:00,223.52875,222.95703,69297.78,0.0,,0,-90.0,335.25,0001,,-49.621246,-50.192963
1996-08-01 06:00:00,,,,,,0,-90.0,335.25,,8.639997e-11,,
1996-09-01 00:00:00,218.24419,217.86697,68789.55,0.0,,0,-90.0,335.25,0001,,-54.905807,-55.28302
1996-09-01 06:00:00,,,,,,0,-90.0,335.25,,70843.94,,
1996-10-01 00:00:00,223.74818,224.48721,67857.18,0.0,,0,-90.0,335.25,0001,,-49.40181,-48.66278
1996-10-01 06:00:00,,,,,,0,-90.0,335.25,,1816064.0,,
1996-11-01 00:00:00,238.76343,237.83241,69294.266,0.0,,0,-90.0,335.25,0001,,-34.386566,-35.31758
1996-11-01 06:00:00,,,,,,0,-90.0,335.25,,4783616.0,,
1996-12-01 00:00:00,246.88902,243.95187,69541.7,0.0,,0,-90.0,335.25,0001,,-26.260971,-29.19812
1996-12-01 06:00:00,,,,,,0,-90.0,335.25,,6395392.0,,
1997-01-01 00:00:00,244.70734,242.22928,69369.84,0.0,,0,-90.0,335.25,0001,,-28.442657,-30.920715
1997-01-01 06:00:00,,,,,,0,-90.0,335.25,,5510656.0,,
1997-02-01 00:00:00,232.89388,232.316,68833.53,0.0,,0,-90.0,335.25,0001,,-40.25612,-40.834
1997-02-01 06:00:00,,,,,,0,-90.0,335.25,,3104768.0,,
1997-03-01 00:00:00,223.95787,223.54987,68037.766,0.0,,0,-90.0,335.25,0001,,-49.192123,-49.60013
1997-03-01 06:00:00,,,,,,0,-90.0,335.25,,496832.8,,
1997-04-01 00:00:00,221.17313,220.82944,68506.125,0.0,,0,-90.0,335.25,0001,,-51.976868,-52.320557
1997-04-01 06:00:00,,,,,,0,-90.0,335.25,,8.639997e-11,,
1997-05-01 00:00:00,219.78552,219.85196,67964.99,0.0,,0,-90.0,335.25,0001,,-53.36447,-53.298035
1997-05-01 06:00:00,,,,,,0,-90.0,335.25,,8.639997e-11,,
1997-06-01 00:00:00,220.83168,220.12105,68521.445,0.0,,0,-90.0,335.25,0001,,-52.318314,-53.028946
1997-06-01 06:00:00,,,,,,0,-90.0,335.25,,8.639997e-11,,
1997-07-01 00:00:00,212.22429,211.69832,67560.73,0.0,,0,-90.0,335.25,0001,,-60.925705,-61.451675
1997-07-01 06:00:00,,,,,,0,-90.0,335.25,,8.639997e-11,,
1997-08-01 00:00:00,218.17148,217.56735,67950.67,0.0,,0,-90.0,335.25,0001,,-54.978516,-55.58264
1997-08-01 06:00:00,,,,,,0,-90.0,335.25,,8.639997e-11,,
1997-09-01 00:00:00,217.66702,216.12517,68198.8,0.0,,0,-90.0,335.25,0001,,-55.48297,-57.024826
1997-09-01 06:00:00,,,,,,0,-90.0,335.25,,73560.81,,
1997-10-01 00:00:00,221.6425,221.01561,68259.125,0.0,,0,-90.0,335.25,0001,,-51.507492,-52.134384
1997-10-01 06:00:00,,,,,,0,-90.0,335.25,,2175488.0,,
1997-11-01 00:00:00,239.4342,237.44742,69764.5,0.0,,0,-90.0,335.25,0001,,-33.71579,-35.702576
1997-11-01 06:00:00,,,,,,0,-90.0,335.25,,4913152.0,,
1997-12-01 00:00:00,245.3174,241.96588,69269.516,0.0,,0,-90.0,335.25,0001,,-27.832596,-31.184113
1997-12-01 06:00:00,,,,,,0,-90.0,335.25,,6436352.0,,
1998-01-01 00:00:00,246.2634,244.76854,69155.59,0.0,,0,-90.0,335.25,0001,,-26.886597,-28.381454
1998-01-01 06:00:00,,,,,,0,-90.0,335.25,,5138432.0,,
1998-02-01 00:00:00,236.37602,235.39557,68963.04,0.0,,0,-90.0,335.25,0001,,-36.77397,-37.754425
1998-02-01 06:00:00,,,,,,0,-90.0,335.25,,2949632.0,,
1998-03-01 00:00:00,226.08997,226.65997,68490.16,0.0,,0,-90.0,335.25,0001,,-47.060028,-46.49002
1998-03-01 06:00:00,,,,,,0,-90.0,335.25,,406995.44,,
1998-04-01 00:00:00,216.69307,216.34837,67547.01,0.0,,0,-90.0,335.25,0001,,-56.456924,-56.80162
1998-04-01 06:00:00,,,,,,0,-90.0,335.25,,8.639997e-11,,
1998-05-01 00:00:00,219.99683,219.25595,68166.97,0.0,,0,-90.0,335.25,0001,,-53.153168,-53.894043
1998-05-01 06:00:00,,,,,,0,-90.0,335.25,,8.639997e-11,,
1998-06-01 00:00:00,220.87292,220.42206,68606.945,0.0,,0,-90.0,335.25,0001,,-52.27707,-52.727936
1998-06-01 06:00:00,,,,,,0,-90.0,335.25,,8.639997e-11,,
1998-07-01 00:00:00,219.37679,219.42516,68138.44,0.0,,0,-90.0,335.25,0001,,-53.77321,-53.72484
1998-07-01 06:00:00,,,,,,0,-90.0,335.25,,8.639997e-11,,
1998-08-01 00:00:00,215.29704,215.35808,67994.14,0.0,,0,-90.0,335.25,0001,,-57.85295,-57.791916
1998-08-01 06:00:00,,,,,,0,-90.0,335.25,,8.639997e-11,,
1998-09-01 00:00:00,215.9655,215.29001,68195.99,0.0,,0,-90.0,335.25,0001,,-57.184494,-57.859985
1998-09-01 06:00:00,,,,,,0,-90.0,335.25,,51833.83,,
1998-10-01 00:00:00,221.99176,221.75072,68263.14,0.0,,0,-90.0,335.25,0001,,-51.158234,-51.399277
1998-10-01 06:00:00,,,,,,0,-90.0,335.25,,1998848.0,,
1998-11-01 00:00:00,237.42766,236.3571,68407.2,0.0,,0,-90.0,335.25,0001,,-35.722336,-36.792892
1998-11-01 06:00:00,,,,,,0,-90.0,335.25,,4629504.0,,
1998-12-01 00:00:00,245.38889,242.37979,68907.59,0.0,,0,-90.0,335.25,0001,,-27.761108,-30.770203
1998-12-01 06:00:00,,,,,,0,-90.0,335.25,,6320128.0,,
1999-01-01 00:00:00,247.6437,244.65254,69657.44,0.0,,0,-90.0,335.25,0001,,-25.506287,-28.497452
1999-01-01 06:00:00,,,,,,0,-90.0,335.25,,5401600.0,,
1999-02-01 00:00:00,234.69397,234.3778,69140.766,0.0,,0,-90.0,335.25,0001,,-38.456024,-38.772186
1999-02-01 06:00:00,,,,,,0,-90.0,335.25,,3016704.0,,
1999-03-01 00:00:00,224.50433,224.84137,68780.92,0.0,,0,-90.0,335.25,0001,,-48.64566,-48.308624
1999-03-01 06:00:00,,,,,,0,-90.0,335.25,,482584.88,,
1999-04-01 00:00:00,220.8038,220.21039,67869.89,0.0,,0,-90.0,335.25,0001,,-52.34619,-52.939606
1999-04-01 06:00:00,,,,,,0,-90.0,335.25,,8.639997e-11,,
1999-05-01 00:00:00,221.26988,221.43257,68189.73,0.0,,0,-90.0,335.25,0001,,-51.88011,-51.717422
1999-05-01 06:00:00,,,,,,0,-90.0,335.25,,8.639997e-11,,
1999-06-01 00:00:00,219.74072,219.50873,69523.086,0.0,,0,-90.0,335.25,0001,,-53.40927,-53.641266
1999-06-01 06:00:00,,,,,,0,-90.0,335.25,,8.639997e-11,,
1999-07-01 00:00:00,216.01213,215.57831,68230.89,0.0,,0,-90.0,335.25,0001,,-57.137863,-57.571686
1999-07-01 06:00:00,,,,,,0,-90.0,335.25,,8.639997e-11,,
1999-08-01 00:00:00,220.46739,220.05016,68119.59,0.0,,0,-90.0,335.25,0001,,-52.682602,-53.09984
1999-08-01 06:00:00,,,,,,0,-90.0,335.25,,8.639997e-11,,
1999-09-01 00:00:00,215.59402,214.62474,68590.79,0.0,,0,-90.0,335.25,0001,,-57.55597,-58.525253
1999-09-01 06:00:00,,,,,,0,-90.0,335.25,,62504.99,,
1999-10-01 00:00:00,225.11719,225.36914,67808.766,0.0,,0,-90.0,335.25,0001,,-48.032806,-47.780853
1999-10-01 06:00:00,,,,,,0,-90.0,335.25,,1879552.0,,
1999-11-01 00:00:00,235.82147,234.28719,68586.08,0.0,,0,-90.0,335.25,0001,,-37.32852,-38.86281
1999-11-01 06:00:00,,,,,,0,-90.0,335.25,,4813824.0,,
1999-12-01 00:00:00,243.06802,240.61333,68494.31,0.0,,0,-90.0,335.25,0001,,-30.08197,-32.536667
1999-12-01 06:00:00,,,,,,0,-90.0,335.25,,6246912.0,,
2000-01-01 00:00:00,243.7501,241.32825,68721.836,0.0,,0,-90.0,335.25,0001,,-29.399887,-31.821747
2000-01-01 06:00:00,,,,,,0,-90.0,335.25,,5535232.0,,
2000-02-01 00:00:00,233.4324,234.36589,68655.05,0.0,,0,-90.0,335.25,0001,,-39.71759,-38.784103
2000-02-01 06:00:00,,,,,,0,-90.0,335.25,,2805760.0,,
2000-03-01 00:00:00,221.00433,220.89957,68793.086,0.0,,0,-90.0,335.25,0001,,-52.14566,-52.250427
2000-03-01 06:00:00,,,,,,0,-90.0,335.25,,461511.06,,
2000-04-01 00:00:00,217.09145,217.34456,68665.32,0.0,,0,-90.0,335.25,0001,,-56.058548,-55.805435
2000-04-01 06:00:00,,,,,,0,-90.0,335.25,,8.639997e-11,,
2000-05-01 00:00:00,219.05849,218.96198,68335.625,0.0,,0,-90.0,335.25,0001,,-54.091507,-54.18802
2000-05-01 06:00:00,,,,,,0,-90.0,335.25,,8.639997e-11,,
2000-06-01 00:00:00,218.32603,218.5309,68833.34,0.0,,0,-90.0,335.25,0001,,-54.82396,-54.619095
2000-06-01 06:00:00,,,,,,0,-90.0,335.25,,8.639997e-11,,
2000-07-01 00:00:00,216.47797,216.8564,68413.31,0.0,,0,-90.0,335.25,0001,,-56.672028,-56.293594
2000-07-01 06:00:00,,,,,,0,-90.0,335.25,,8.639997e-11,,
2000-08-01 00:00:00,217.58652,217.56429,68357.47,0.0,,0,-90.0,335.25,0001,,-55.563477,-55.58571
2000-08-01 06:00:00,,,,,,0,-90.0,335.25,,8.639997e-11,,
2000-09-01 00:00:00,217.42323,217.20946,68598.016,0.0,,0,-90.0,335.25,0001,,-55.72676,-55.940536
2000-09-01 06:00:00,,,,,,0,-90.0,335.25,,66286.69,,
2000-10-01 00:00:00,225.83429,227.1432,67938.766,0.0,,0,-90.0,335.25,0001,,-47.315704,-46.00679
2000-10-01 06:00:00,,,,,,0,-90.0,335.25,,1762816.0,,
2000-11-01 00:00:00,240.88,239.70651,69377.86,0.0,,0,-90.0,335.25,0001,,-32.26999,-33.44348
2000-11-01 06:00:00,,,,,,0,-90.0,335.25,,4553728.0,,
2000-12-01 00:00:00,245.89012,241.85896,69756.78,0.0,,0,-90.0,335.25,0001,,-27.259872,-31.29103
2000-12-01 06:00:00,,,,,,0,-90.0,335.25,,6534144.0,,
2001-01-01 00:00:00,245.09906,242.07939,69346.7,0.0,,0,-90.0,335.25,0001,,-28.050934,-31.070602
2001-01-01 06:00:00,,,,,,0,-90.0,335.25,,5435904.0,,
2001-02-01 00:00:00,235.80356,235.1958,69470.17,0.0,,0,-90.0,335.25,0001,,-37.346436,-37.954193
2001-02-01 06:00:00,,,,,,0,-90.0,335.25,,2935808.0,,
2001-03-01 00:00:00,221.74637,223.03519,68548.64,0.0,,0,-90.0,335.25,0001,,-51.403625,-50.114807
2001-03-01 06:00:00,,,,,,0,-90.0,335.25,,465059.75,,
2001-04-01 00:00:00,217.58566,217.91943,68275.83,0.0,,0,-90.0,335.25,0001,,-55.56433,-55.23056
2001-04-01 06:00:00,,,,,,0,-90.0,335.25,,8.639997e-11,,
2001-05-01 00:00:00,220.30064,220.44254,68756.1,0.0,,0,-90.0,335.25,0001,,-52.84935,-52.70746
2001-05-01 06:00:00,,,,,,0,-90.0,335.25,,8.639997e-11,,
2001-06-01 00:00:00,220.82812,220.99478,68645.81,0.0,,0,-90.0,335.25,0001,,-52.32187,-52.155212
2001-06-01 06:00:00,,,,,,0,-90.0,335.25,,8.639997e-11,,
2001-07-01 00:00:00,218.75749,218.31558,68647.414,0.0,,0,-90.0,335.25,0001,,-54.3925,-54.83441
2001-07-01 06:00:00,,,,,,0,-90.0,335.25,,8.639997e-11,,
2001-08-01 00:00:00,215.39397,215.09224,67699.88,0.0,,0,-90.0,335.25,0001,,-57.756027,-58.057755
2001-08-01 06:00:00,,,,,,0,-90.0,335.25,,8.639997e-11,,
2001-09-01 00:00:00,220.1726,219.82727,68429.22,0.0,,0,-90.0,335.25,0001,,-52.977386,-53.322723
2001-09-01 06:00:00,,,,,,0,-90.0,335.25,,65019.727,,
2001-10-01 00:00:00,223.6827,223.13867,67978.58,0.0,,0,-90.0,335.25,0001,,-49.4673,-50.011322
2001-10-01 06:00:00,,,,,,0,-90.0,335.25,,1973248.0,,
2001-11-01 00:00:00,240.25887,239.25943,68772.11,0.0,,0,-90.0,335.25,0001,,-32.89113,-33.890564
2001-11-01 06:00:00,,,,,,0,-90.0,335.25,,4616192.0,,
2001-12-01 00:00:00,247.18724,243.7614,68979.516,0.0,,0,-90.0,335.25,0001,,-25.962753,-29.388596
2001-12-01 06:00:00,,,,,,0,-90.0,335.25,,6370304.0,,
2002-01-01 00:00:00,247.42871,244.5487,69294.266,0.0,,0,-90.0,335.25,0001,,-25.721283,-28.601288
2002-01-01 06:00:00,,,,,,0,-90.0,335.25,,5439488.0,,
2002-02-01 00:00:00,234.25293,233.28683,68734.875,0.0,,0,-90.0,335.25,0001,,-38.897064,-39.86316
2002-02-01 06:00:00,,,,,,0,-90.0,335.25,,3158528.0,,
2002-03-01 00:00:00,227.22148,227.57927,69133.94,0.0,,0,-90.0,335.25,0001,,-45.928513,-45.570724
2002-03-01 06:00:00,,,,,,0,-90.0,335.25,,438956.0,,
2002-04-01 00:00:00,225.2877,225.95766,68592.305,0.0,,0,-90.0,335.25,0001,,-47.86229,-47.192337
2002-04-01 06:00:00,,,,,,0,-90.0,335.25,,8.639997e-11,,
2002-05-01 00:00:00,221.183,220.55681,69385.19,0.0,,0,-90.0,335.25,0001,,-51.966995,-52.593185
2002-05-01 06:00:00,,,,,,0,-90.0,335.25,,8.639997e-11,,
2002-06-01 00:00:00,218.02834,217.40892,68488.91,0.0,,0,-90.0,335.25,0001,,-55.12166,-55.741074
2002-06-01 06:00:00,,,,,,0,-90.0,335.25,,8.639997e-11,,
2002-07-01 00:00:00,222.73038,222.40672,68739.35,0.0,,0,-90.0,335.25,0001,,-50.419617,-50.74327
2002-07-01 06:00:00,,,,,,0,-90.0,335.25,,8.639997e-11,,
2002-08-01 00:00:00,221.99438,221.9195,67653.94,0.0,,0,-90.0,335.25,0001,,-51.15561,-51.2305
2002-08-01 06:00:00,,,,,,0,-90.0,335.25,,8.639997e-11,,
2002-09-01 00:00:00,219.76627,219.12875,68635.336,0.0,,0,-90.0,335.25,0001,,-53.383728,-54.02124
2002-09-01 06:00:00,,,,,,0,-90.0,335.25,,67398.44,,
2002-10-01 00:00:00,226.17729,224.96992,69211.25,0.0,,0,-90.0,335.25,0001,,-46.972702,-48.18007
2002-10-01 06:00:00,,,,,,0,-90.0,335.25,,1958400.0,,
2002-11-01 00:00:00,236.35556,236.2238,68538.69,0.0,,0,-90.0,335.25,0001,,-36.794434,-36.926193
2002-11-01 06:00:00,,,,,,0,-90.0,335.25,,4661248.0,,
2002-12-01 00:00:00,243.2187,241.00105,68739.91,0.0,,0,-90.0,335.25,0001,,-29.93129,-32.14894
2002-12-01 06:00:00,,,,,,0,-90.0,335.25,,6273024.0,,
2003-01-01 00:00:00,245.39615,242.39813,69954.31,0.0,,0,-90.0,335.25,0001,,-27.753845,-30.751862
2003-01-01 06:00:00,,,,,,0,-90.0,335.25,,5697024.0,,
2003-02-01 00:00:00,234.24008,232.41994,69505.32,0.0,,0,-90.0,335.25,0001,,-38.909912,-40.730057
2003-02-01 06:00:00,,,,,,0,-90.0,335.25,,3257344.0,,
2003-03-01 00:00:00,224.58206,224.01251,68608.92,0.0,,0,-90.0,335.25,0001,,-48.567932,-49.13748
2003-03-01 06:00:00,,,,,,0,-90.0,335.25,,457899.25,,
2003-04-01 00:00:00,221.49751,221.15372,68309.14,0.0,,0,-90.0,335.25,0001,,-51.65248,-51.996277
2003-04-01 06:00:00,,,,,,0,-90.0,335.25,,8.639997e-11,,
2003-05-01 00:00:00,219.33614,219.26884,68698.234,0.0,,0,-90.0,335.25,0001,,-53.813858,-53.88115
2003-05-01 06:00:00,,,,,,0,-90.0,335.25,,8.639997e-11,,
2003-06-01 00:00:00,214.85268,213.6278,68970.664,0.0,,0,-90.0,335.25,0001,,-58.297318,-59.522186
2003-06-01 06:00:00,,,,,,0,-90.0,335.25,,8.639997e-11,,
2003-07-01 00:00:00,215.74606,214.61763,68339.7,0.0,,0,-90.0,335.25,0001,,-57.40393,-58.532364
2003-07-01 06:00:00,,,,,,0,-90.0,335.25,,8.639997e-11,,
2003-08-01 00:00:00,221.89183,221.33241,67894.586,0.0,,0,-90.0,335.25,0001,,-51.258163,-51.81758
2003-08-01 06:00:00,,,,,,0,-90.0,335.25,,8.639997e-11,,
2003-09-01 00:00:00,218.37383,216.57083,68402.11,0.0,,0,-90.0,335.25,0001,,-54.77617,-56.579163
2003-09-01 06:00:00,,,,,,0,-90.0,335.25,,63445.52,,
2003-10-01 00:00:00,225.31766,224.70712,68357.19,0.0,,0,-90.0,335.25,0001,,-47.832336,-48.44287
2003-10-01 06:00:00,,,,,,0,-90.0,335.25,,1975808.0,,
2003-11-01 00:00:00,236.3178,234.96985,68625.89,0.0,,0,-90.0,335.25,0001,,-36.8322,-38.180145
2003-11-01 06:00:00,,,,,,0,-90.0,335.25,,4904960.0,,
2003-12-01 00:00:00,247.45552,244.59,70118.64,0.0,,0,-90.0,335.25,0001,,-25.694473,-28.559998
2003-12-01 06:00:00,,,,,,0,-90.0,335.25,,6282752.0,,
2004-01-01 00:00:00,245.5236,242.55862,69157.95,0.0,,0,-90.0,335.25,0001,,-27.626389,-30.59137
2004-01-01 06:00:00,,,,,,0,-90.0,335.25,,5664256.0,,
2004-02-01 00:00:00,236.61716,235.1071,69529.56,0.0,,0,-90.0,335.25,0001,,-36.532837,-38.042892
2004-02-01 06:00:00,,,,,,0,-90.0,335.25,,3126784.0,,
2004-03-01 00:00:00,222.82022,222.93904,68260.11,0.0,,0,-90.0,335.25,0001,,-50.329773,-50.210953
2004-03-01 06:00:00,,,,,,0,-90.0,335.25,,488606.88,,
2004-04-01 00:00:00,222.54826,223.03697,68684.61,0.0,,0,-90.0,335.25,0001,,-50.60173,-50.11302
2004-04-01 06:00:00,,,,,,0,-90.0,335.25,,8.639997e-11,,
2004-05-01 00:00:00,219.7358,220.10707,68442.945,0.0,,0,-90.0,335.25,0001,,-53.4142,-53.042923
2004-05-01 06:00:00,,,,,,0,-90.0,335.25,,8.639997e-11,,
2004-06-01 00:00:00,216.72351,216.72498,68035.02,0.0,,0,-90.0,335.25,0001,,-56.426483,-56.42502
2004-06-01 06:00:00,,,,,,0,-90.0,335.25,,8.639997e-11,,
2004-07-01 00:00:00,214.07372,213.2273,67056.305,0.0,,0,-90.0,335.25,0001,,-59.07628,-59.9227
2004-07-01 06:00:00,,,,,,0,-90.0,335.25,,8.639997e-11,,
2004-08-01 00:00:00,217.62018,216.19861,67850.54,0.0,,0,-90.0,335.25,0001,,-55.529816,-56.951385
2004-08-01 06:00:00,,,,,,0,-90.0,335.25,,8.639997e-11,,
2004-09-01 00:00:00,224.1509,222.75587,68415.2,0.0,,0,-90.0,335.25,0001,,-48.9991,-50.39412
2004-09-01 06:00:00,,,,,,0,-90.0,335.25,,69546.625,,
2004-10-01 00:00:00,226.44522,225.82323,68456.33,0.0,,0,-90.0,335.25,0001,,-46.704773,-47.326767
2004-10-01 06:00:00,,,,,,0,-90.0,335.25,,2073088.0,,
2004-11-01 00:00:00,235.54128,233.4733,68799.125,0.0,,0,-90.0,335.25,0001,,-37.60872,-39.676697
2004-11-01 06:00:00,,,,,,0,-90.0,335.25,,5012992.0,,
2004-12-01 00:00:00,247.18169,243.1833,69791.72,0.0,,0,-90.0,335.25,0001,,-25.968307,-29.96669
2004-12-01 06:00:00,,,,,,0,-90.0,335.25,,6518272.0,,
2005-01-01 00:00:00,246.81073,242.93431,69700.74,0.0,,0,-90.0,335.25,0001,,-26.339264,-30.215683
2005-01-01 06:00:00,,,,,,0,-90.0,335.25,,5645312.0,,
2005-02-01 00:00:00,235.0949,234.1743,68721.375,0.0,,0,-90.0,335.25,0001,,-38.0551,-38.975693
2005-02-01 06:00:00,,,,,,0,-90.0,335.25,,3035648.0,,
2005-03-01 00:00:00,225.38666,225.8488,68846.86,0.0,,0,-90.0,335.25,0001,,-47.763336,-47.301193
2005-03-01 06:00:00,,,,,,0,-90.0,335.25,,459624.5,,
2005-04-01 00:00:00,223.03511,223.21149,68392.21,0.0,,0,-90.0,335.25,0001,,-50.114883,-49.938507
2005-04-01 06:00:00,,,,,,0,-90.0,335.25,,8.639997e-11,,
2005-05-01 00:00:00,218.64322,219.83044,68570.266,0.0,,0,-90.0,335.25,0001,,-54.506775,-53.31955
2005-05-01 06:00:00,,,,,,0,-90.0,335.25,,8.639997e-11,,
2005-06-01 00:00:00,218.64603,218.08386,68939.125,0.0,,0,-90.0,335.25,0001,,-54.503967,-55.06613
2005-06-01 06:00:00,,,,,,0,-90.0,335.25,,8.639997e-11,,
2005-07-01 00:00:00,215.56412,214.97122,68131.69,0.0,,0,-90.0,335.25,0001,,-57.585876,-58.178772
2005-07-01 06:00:00,,,,,,0,-90.0,335.25,,8.639997e-11,,
2005-08-01 00:00:00,218.71227,218.74834,67810.59,0.0,,0,-90.0,335.25,0001,,-54.43773,-54.401657
2005-08-01 06:00:00,,,,,,0,-90.0,335.25,,8.639997e-11,,
2005-09-01 00:00:00,223.90324,223.66924,68274.92,0.0,,0,-90.0,335.25,0001,,-49.24675,-49.48076
2005-09-01 06:00:00,,,,,,0,-90.0,335.25,,71370.81,,
2005-10-01 00:00:00,227.85648,227.9259,68263.05,0.0,,0,-90.0,335.25,0001,,-45.293518,-45.22409
2005-10-01 06:00:00,,,,,,0,-90.0,335.25,,1954816.0,,
2005-11-01 00:00:00,235.87563,234.27988,68701.91,0.0,,0,-90.0,335.25,0001,,-37.27437,-38.870117
2005-11-01 06:00:00,,,,,,0,-90.0,335.25,,4955136.0,,
2005-12-01 00:00:00,248.25284,244.71751,70295.87,0.0,,0,-90.0,335.25,0001,,-24.897156,-28.43248
2005-12-01 06:00:00,,,,,,0,-90.0,335.25,,6382080.0,,
2006-01-01 00:00:00,246.18777,243.75526,69458.28,0.0,,0,-90.0,335.25,0001,,-26.96222,-29.39473
2006-01-01 06:00:00,,,,,,0,-90.0,335.25,,5313536.0,,
2006-02-01 00:00:00,232.37927,231.92465,69083.03,0.0,,0,-90.0,335.25,0001,,-40.77072,-41.22534
2006-02-01 06:00:00,,,,,,0,-90.0,335.25,,3133440.0,,
2006-03-01 00:00:00,223.01265,221.76749,68745.05,0.0,,0,-90.0,335.25,0001,,-50.137344,-51.382507
2006-03-01 06:00:00,,,,,,0,-90.0,335.25,,484880.7,,
2006-04-01 00:00:00,222.81987,221.71228,68764.64,0.0,,0,-90.0,335.25,0001,,-50.330124,-51.437714
2006-04-01 06:00:00,,,,,,0,-90.0,335.25,,8.639997e-11,,
2006-05-01 00:00:00,223.06837,222.1278,67804.39,0.0,,0,-90.0,335.25,0001,,-50.08162,-51.022186
2006-05-01 06:00:00,,,,,,0,-90.0,335.25,,8.639997e-11,,
2006-06-01 00:00:00,221.52501,219.78532,68441.03,0.0,,0,-90.0,335.25,0001,,-51.624985,-53.36467
2006-06-01 06:00:00,,,,,,0,-90.0,335.25,,8.639997e-11,,
2006-07-01 00:00:00,214.2275,212.6099,67713.586,0.0,,0,-90.0,335.25,0001,,-58.9225,-60.5401
2006-07-01 06:00:00,,,,,,0,-90.0,335.25,,8.639997e-11,,
2006-08-01 00:00:00,218.89926,216.96985,69232.59,0.0,,0,-90.0,335.25,0001,,-54.250732,-56.180145
2006-08-01 06:00:00,,,,,,0,-90.0,335.25,,8.639997e-11,,
2006-09-01 00:00:00,216.3483,214.78506,68462.05,0.0,,0,-90.0,335.25,0001,,-56.801697,-58.36493
2006-09-01 06:00:00,,,,,,0,-90.0,335.25,,79518.25,,
2006-10-01 00:00:00,221.30786,221.26147,67720.88,0.0,,0,-90.0,335.25,0001,,-51.842133,-51.88852
2006-10-01 06:00:00,,,,,,0,-90.0,335.25,,2032128.0,,
2006-11-01 00:00:00,237.26279,235.57083,68780.67,0.0,,0,-90.0,335.25,0001,,-35.887207,-37.579163
2006-11-01 06:00:00,,,,,,0,-90.0,335.25,,4903936.0,,
2006-12-01 00:00:00,244.48422,242.02498,68916.52,0.0,,0,-90.0,335.25,0001,,-28.665771,-31.125015
2006-12-01 06:00:00,,,,,,0,-90.0,335.25,,6214656.0,,
2007-01-01 00:00:00,246.28743,243.63333,69702.984,0.0,,0,-90.0,335.25,0001,,-26.862564,-29.516663
2007-01-01 06:00:00,,,,,,0,-90.0,335.25,,5557248.0,,
2007-02-01 00:00:00,233.43994,233.2438,68757.164,0.0,,0,-90.0,335.25,0001,,-39.710052,-39.90619
2007-02-01 06:00:00,,,,,,0,-90.0,335.25,,3005952.0,,
2007-03-01 00:00:00,221.24834,220.81805,68832.06,0.0,,0,-90.0,335.25,0001,,-51.901657,-52.33194
2007-03-01 06:00:00,,,,,,0,-90.0,335.25,,473988.56,,
2007-04-01 00:00:00,216.57402,215.3741,68719.06,0.0,,0,-90.0,335.25,0001,,-56.575974,-57.775894
2007-04-01 06:00:00,,,,,,0,-90.0,335.25,,8.639997e-11,,
2007-05-01 00:00:00,223.39798,221.91602,69120.875,0.0,,0,-90.0,335.25,0001,,-49.752014,-51.23398
2007-05-01 06:00:00,,,,,,0,-90.0,335.25,,8.639997e-11,,
2007-06-01 00:00:00,224.42628,224.58658,69062.92,0.0,,0,-90.0,335.25,0001,,-48.72371,-48.563416
2007-06-01 06:00:00,,,,,,0,-90.0,335.25,,8.639997e-11,,
2007-07-01 00:00:00,220.20001,219.68143,69517.92,0.0,,0,-90.0,335.25,0001,,-52.94998,-53.468567
2007-07-01 06:00:00,,,,,,0,-90.0,335.25,,8.639997e-11,,
2007-08-01 00:00:00,218.2859,216.43552,68178.125,0.0,,0,-90.0,335.25,0001,,-54.86409,-56.714478
2007-08-01 06:00:00,,,,,,0,-90.0,335.25,,8.639997e-11,,
2007-09-01 00:00:00,217.59465,216.15845,68438.5,0.0,,0,-90.0,335.25,0001,,-55.555344,-56.991547
2007-09-01 06:00:00,,,,,,0,-90.0,335.25,,73532.44,,
2007-10-01 00:00:00,225.84618,225.23396,68339.336,0.0,,0,-90.0,335.25,0001,,-47.303818,-47.91603
2007-10-01 06:00:00,,,,,,0,-90.0,335.25,,1893888.0,,
2007-11-01 00:00:00,236.4094,234.90158,68889.58,0.0,,0,-90.0,335.25,0001,,-36.7406,-38.248413
2007-11-01 06:00:00,,,,,,0,-90.0,335.25,,4897792.0,,
2007-12-01 00:00:00,245.11194,242.25027,68831.875,0.0,,0,-90.0,335.25,0001,,-28.038055,-30.89972
2007-12-01 06:00:00,,,,,,0,-90.0,335.25,,6238720.0,,
2008-01-01 00:00:00,242.79408,240.49399,69005.79,0.0,,0,-90.0,335.25,0001,,-30.355911,-32.656006
2008-01-01 06:00:00,,,,,,0,-90.0,335.25,,5607424.0,,
2008-02-01 00:00:00,233.77463,233.13219,68557.56,0.0,,0,-90.0,335.25,0001,,-39.375366,-40.017807
2008-02-01 06:00:00,,,,,,0,-90.0,335.25,,2992128.0,,
2008-03-01 00:00:00,223.84866,223.15207,68871.3,0.0,,0,-90.0,335.25,0001,,-49.30133,-49.997925
2008-03-01 06:00:00,,,,,,0,-90.0,335.25,,496030.94,,
2008-04-01 00:00:00,222.49661,221.54556,69016.0,0.0,,0,-90.0,335.25,0001,,-50.65338,-51.60443
2008-04-01 06:00:00,,,,,,0,-90.0,335.25,,8.639997e-11,,
2008-05-01 00:00:00,220.05113,220.40771,68685.97,0.0,,0,-90.0,335.25,0001,,-53.09886,-52.74228
2008-05-01 06:00:00,,,,,,0,-90.0,335.25,,8.639997e-11,,
2008-06-01 00:00:00,216.38124,215.06189,68412.89,0.0,,0,-90.0,335.25,0001,,-56.768753,-58.088104
2008-06-01 06:00:00,,,,,,0,-90.0,335.25,,8.639997e-11,,
2008-07-01 00:00:00,220.37453,219.74121,68189.44,0.0,,0,-90.0,335.25,0001,,-52.775467,-53.408783
2008-07-01 06:00:00,,,,,,0,-90.0,335.25,,8.639997e-11,,
2008-08-01 00:00:00,218.33578,218.09154,67682.47,0.0,,0,-90.0,335.25,0001,,-54.81421,-55.058456
2008-08-01 06:00:00,,,,,,0,-90.0,335.25,,8.639997e-11,,
2008-09-01 00:00:00,221.73537,221.44568,68358.766,0.0,,0,-90.0,335.25,0001,,-51.414627,-51.704315
2008-09-01 06:00:00,,,,,,0,-90.0,335.25,,77117.75,,
2008-10-01 00:00:00,224.99016,225.24303,68065.31,0.0,,0,-90.0,335.25,0001,,-48.159836,-47.906967
2008-10-01 06:00:00,,,,,,0,-90.0,335.25,,1925120.0,,
2008-11-01 00:00:00,236.43803,234.83884,68428.84,0.0,,0,-90.0,335.25,0001,,-36.71196,-38.311157
2008-11-01 06:00:00,,,,,,0,-90.0,335.25,,4888576.0,,
2008-12-01 00:00:00,246.6073,242.89946,68938.54,0.0,,0,-90.0,335.25,0001,,-26.542694,-30.250534
2008-12-01 06:00:00,,,,,,0,-90.0,335.25,,6278144.0,,
2009-01-01 00:00:00,247.19035,244.79651,68969.32,0.0,,0,-90.0,335.25,0001,,-25.95964,-28.353485
2009-01-01 06:00:00,,,,,,0,-90.0,335.25,,5338112.0,,
2009-02-01 00:00:00,233.43085,232.49718,68735.7,0.0,,0,-90.0,335.25,0001,,-39.719147,-40.652817
2009-02-01 06:00:00,,,,,,0,-90.0,335.25,,3141632.0,,
2009-03-01 00:00:00,225.32051,225.55983,68501.41,0.0,,0,-90.0,335.25,0001,,-47.829483,-47.590164
2009-03-01 06:00:00,,,,,,0,-90.0,335.25,,429277.5,,
2009-04-01 00:00:00,218.23065,217.66406,68819.47,0.0,,0,-90.0,335.25,0001,,-54.919342,-55.48593
2009-04-01 06:00:00,,,,,,0,-90.0,335.25,,8.639997e-11,,
2009-05-01 00:00:00,225.70547,225.07642,69014.15,0.0,,0,-90.0,335.25,0001,,-47.44452,-48.073578
2009-05-01 06:00:00,,,,,,0,-90.0,335.25,,8.639997e-11,,
2009-06-01 00:00:00,222.5817,222.185,69054.86,0.0,,0,-90.0,335.25,0001,,-50.5683,-50.964996
2009-06-01 06:00:00,,,,,,0,-90.0,335.25,,8.639997e-11,,
2009-07-01 00:00:00,219.58815,218.84413,68508.234,0.0,,0,-90.0,335.25,0001,,-53.561844,-54.305862
2009-07-01 06:00:00,,,,,,0,-90.0,335.25,,8.639997e-11,,
2009-08-01 00:00:00,216.90965,216.09888,68365.164,0.0,,0,-90.0,335.25,0001,,-56.24034,-57.051117
2009-08-01 06:00:00,,,,,,0,-90.0,335.25,,8.639997e-11,,
2009-09-01 00:00:00,220.32489,220.53578,68405.21,0.0,,0,-90.0,335.25,0001,,-52.825104,-52.614212
2009-09-01 06:00:00,,,,,,0,-90.0,335.25,,66826.56,,
2009-10-01 00:00:00,225.14745,225.2903,68115.19,0.0,,0,-90.0,335.25,0001,,-48.00255,-47.859695
2009-10-01 06:00:00,,,,,,0,-90.0,335.25,,1949184.0,,
2009-11-01 00:00:00,238.37956,236.7521,69351.164,0.0,,0,-90.0,335.25,0001,,-34.77043,-36.39789
2009-11-01 06:00:00,,,,,,0,-90.0,335.25,,4864512.0,,
2009-12-01 00:00:00,245.51772,241.76843,68999.875,0.0,,0,-90.0,335.25,0001,,-27.632278,-31.381561
2009-12-01 06:00:00,,,,,,0,-90.0,335.25,,6409728.0,,
2010-01-01 00:00:00,247.71877,244.0914,69891.875,0.0,,0,-90.0,335.25,0001,,-25.431229,-29.058594
2010-01-01 06:00:00,,,,,,0,-90.0,335.25,,5526528.0,,
2010-02-01 00:00:00,236.78905,235.63617,69384.875,0.0,,0,-90.0,335.25,0001,,-36.360947,-37.513824
2010-02-01 06:00:00,,,,,,0,-90.0,335.25,,2983936.0,,
2010-03-01 00:00:00,226.94075,227.62755,68920.14,0.0,,0,-90.0,335.25,0001,,-46.209244,-45.522446
2010-03-01 06:00:00,,,,,,0,-90.0,335.25,,441197.2,,
2010-04-01 00:00:00,214.8255,215.04578,68491.56,0.0,,0,-90.0,335.25,0001,,-58.324493,-58.104218
2010-04-01 06:00:00,,,,,,0,-90.0,335.25,,8.639997e-11,,
2010-05-01 00:00:00,224.0492,223.98795,68571.03,0.0,,0,-90.0,335.25,0001,,-49.1008,-49.16205
2010-05-01 06:00:00,,,,,,0,-90.0,335.25,,8.639997e-11,,
2010-06-01 00:00:00,217.9353,217.99043,68061.63,0.0,,0,-90.0,335.25,0001,,-55.21469,-55.15956
2010-06-01 06:00:00,,,,,,0,-90.0,335.25,,8.639997e-11,,
2010-07-01 00:00:00,217.60828,217.77959,67299.06,0.0,,0,-90.0,335.25,0001,,-55.541718,-55.370407
2010-07-01 06:00:00,,,,,,0,-90.0,335.25,,8.639997e-11,,
2010-08-01 00:00:00,218.99292,219.12486,67869.72,0.0,,0,-90.0,335.25,0001,,-54.157074,-54.02513
2010-08-01 06:00:00,,,,,,0,-90.0,335.25,,8.639997e-11,,
2010-09-01 00:00:00,215.89777,215.78091,68023.625,0.0,,0,-90.0,335.25,0001,,-57.252228,-57.36908
2010-09-01 06:00:00,,,,,,0,-90.0,335.25,,68787.94,,
2010-10-01 00:00:00,227.17761,227.26173,68208.0,0.0,,0,-90.0,335.25,0001,,-45.97238,-45.88826
2010-10-01 06:00:00,,,,,,0,-90.0,335.25,,1822208.0,,
2010-11-01 00:00:00,237.07822,235.37463,68391.2,0.0,,0,-90.0,335.25,0001,,-36.071777,-37.77536
2010-11-01 06:00:00,,,,,,0,-90.0,335.25,,4820992.0,,
2010-12-01 00:00:00,246.99896,243.81758,69691.16,0.0,,0,-90.0,335.25,0001,,-26.151031,-29.332413
2010-12-01 06:00:00,,,,,,0,-90.0,335.25,,6170112.0,,
2011-01-01 00:00:00,247.34093,243.80809,69506.53,0.0,,0,-90.0,335.25,0001,,-25.809067,-29.341904
2011-01-01 06:00:00,,,,,,0,-90.0,335.25,,5558784.0,,
2011-02-01 00:00:00,237.65564,236.14232,69103.58,0.0,,0,-90.0,335.25,0001,,-35.494354,-37.007675
2011-02-01 06:00:00,,,,,,0,-90.0,335.25,,3067904.0,,
2011-03-01 00:00:00,221.51285,221.5771,68821.875,0.0,,0,-90.0,335.25,0001,,-51.637146,-51.57289
2011-03-01 06:00:00,,,,,,0,-90.0,335.25,,491073.8,,
2011-04-01 00:00:00,219.36354,219.7263,68786.06,0.0,,0,-90.0,335.25,0001,,-53.786453,-53.42369
2011-04-01 06:00:00,,,,,,0,-90.0,335.25,,8.639997e-11,,
2011-05-01 00:00:00,215.14119,215.28677,68243.22,0.0,,0,-90.0,335.25,0001,,-58.008804,-57.86322
2011-05-01 06:00:00,,,,,,0,-90.0,335.25,,8.639997e-11,,
2011-06-01 00:00:00,216.20908,215.93745,68832.336,0.0,,0,-90.0,335.25,0001,,-56.940918,-57.21254
2011-06-01 06:00:00,,,,,,0,-90.0,335.25,,8.639997e-11,,
2011-07-01 00:00:00,218.72832,219.16043,69052.3,0.0,,0,-90.0,335.25,0001,,-54.421677,-53.989563
2011-07-01 06:00:00,,,,,,0,-90.0,335.25,,8.639997e-11,,
2011-08-01 00:00:00,219.96945,219.13747,69165.39,0.0,,0,-90.0,335.25,0001,,-53.180542,-54.012527
2011-08-01 06:00:00,,,,,,0,-90.0,335.25,,8.639997e-11,,
2011-09-01 00:00:00,217.58655,217.25218,68364.19,0.0,,0,-90.0,335.25,0001,,-55.563446,-55.89781
2011-09-01 06:00:00,,,,,,0,-90.0,335.25,,53271.46,,
2011-10-01 00:00:00,227.30516,226.76434,68575.516,0.0,,0,-90.0,335.25,0001,,-45.844833,-46.38565
2011-10-01 06:00:00,,,,,,0,-90.0,335.25,,1890816.0,,
2011-11-01 00:00:00,239.95163,237.49664,69482.34,0.0,,0,-90.0,335.25,0001,,-33.198364,-35.65335
2011-11-01 06:00:00,,,,,,0,-90.0,335.25,,5022720.0,,
2011-12-01 00:00:00,246.15306,243.1594,68672.22,0.0,,0,-90.0,335.25,0001,,-26.996933,-29.9906
2011-12-01 06:00:00,,,,,,0,-90.0,335.25,,6152704.0,,
2012-01-01 00:00:00,244.61746,240.97498,68547.25,0.0,,0,-90.0,335.25,0001,,-28.532532,-32.17502
2012-01-01 06:00:00,,,,,,0,-90.0,335.25,,5666816.0,,
2012-02-01 00:00:00,234.60477,233.73799,69004.44,0.0,,0,-90.0,335.25,0001,,-38.545227,-39.412003
2012-02-01 06:00:00,,,,,,0,-90.0,335.25,,3061760.0,,
2012-03-01 00:00:00,225.3374,226.23195,68705.41,0.0,,0,-90.0,335.25,0001,,-47.81259,-46.918045
2012-03-01 06:00:00,,,,,,0,-90.0,335.25,,383103.5,,
2012-04-01 00:00:00,217.01431,217.38564,68351.52,0.0,,0,-90.0,335.25,0001,,-56.13568,-55.76436
2012-04-01 06:00:00,,,,,,0,-90.0,335.25,,8.639997e-11,,
2012-05-01 00:00:00,217.9327,218.32509,68482.83,0.0,,0,-90.0,335.25,0001,,-55.2173,-54.824905
2012-05-01 06:00:00,,,,,,0,-90.0,335.25,,8.639997e-11,,
2012-06-01 00:00:00,220.1266,219.81885,68692.64,0.0,,0,-90.0,335.25,0001,,-53.02339,-53.331146
2012-06-01 06:00:00,,,,,,0,-90.0,335.25,,8.639997e-11,,
2012-07-01 00:00:00,216.70741,216.9456,68070.12,0.0,,0,-90.0,335.25,0001,,-56.44258,-56.20439
2012-07-01 06:00:00,,,,,,0,-90.0,335.25,,8.639997e-11,,
2012-08-01 00:00:00,214.01056,213.82426,68086.41,0.0,,0,-90.0,335.25,0001,,-59.139435,-59.32573
2012-08-01 06:00:00,,,,,,0,-90.0,335.25,,8.639997e-11,,
2012-09-01 00:00:00,216.08043,216.46516,68185.39,0.0,,0,-90.0,335.25,0001,,-57.069565,-56.68483
2012-09-01 06:00:00,,,,,,0,-90.0,335.25,,68473.56,,
2012-10-01 00:00:00,224.91623,224.76651,68204.77,0.0,,0,-90.0,335.25,0001,,-48.233765,-48.383484
2012-10-01 06:00:00,,,,,,0,-90.0,335.25,,2035712.0,,
2012-11-01 00:00:00,238.71118,236.84605,69248.016,0.0,,0,-90.0,335.25,0001,,-34.438812,-36.30394
2012-11-01 06:00:00,,,,,,0,-90.0,335.25,,4972032.0,,
2012-12-01 00:00:00,247.71239,244.42503,69455.08,0.0,,0,-90.0,335.25,0001,,-25.437607,-28.72496
2012-12-01 06:00:00,,,,,,0,-90.0,335.25,,6237696.0,,
2013-01-01 00:00:00,246.17334,243.05182,69321.92,0.0,,0,-90.0,335.25,0001,,-26.976654,-30.098175
2013-01-01 06:00:00,,,,,,0,-90.0,335.25,,5533696.0,,
2013-02-01 00:00:00,231.81367,231.266,68433.914,0.0,,0,-90.0,335.25,0001,,-41.33632,-41.883987
2013-02-01 06:00:00,,,,,,0,-90.0,335.25,,3081216.0,,
2013-03-01 00:00:00,225.10669,224.98152,68309.91,0.0,,0,-90.0,335.25,0001,,-48.043304,-48.168472
2013-03-01 06:00:00,,,,,,0,-90.0,335.25,,425472.2,,
2013-04-01 00:00:00,221.22093,221.93211,68281.445,0.0,,0,-90.0,335.25,0001,,-51.92906,-51.21788
2013-04-01 06:00:00,,,,,,0,-90.0,335.25,,8.639997e-11,,
2013-05-01 00:00:00,214.19177,213.95462,68233.99,0.0,,0,-90.0,335.25,0001,,-58.95822,-59.195374
2013-05-01 06:00:00,,,,,,0,-90.0,335.25,,8.639997e-11,,
2013-06-01 00:00:00,225.24463,225.00456,69085.28,0.0,,0,-90.0,335.25,0001,,-47.905365,-48.14543
2013-06-01 06:00:00,,,,,,0,-90.0,335.25,,8.639997e-11,,
2013-07-01 00:00:00,220.03488,220.19637,68086.266,0.0,,0,-90.0,335.25,0001,,-53.115112,-52.95363
2013-07-01 06:00:00,,,,,,0,-90.0,335.25,,8.639997e-11,,
2013-08-01 00:00:00,223.35269,223.26369,68990.0,0.0,,0,-90.0,335.25,0001,,-49.797302,-49.886307
2013-08-01 06:00:00,,,,,,0,-90.0,335.25,,8.639997e-11,,
2013-09-01 00:00:00,224.64194,223.8443,69129.08,0.0,,0,-90.0,335.25,0001,,-48.508057,-49.305695
2013-09-01 06:00:00,,,,,,0,-90.0,335.25,,73704.875,,
2013-10-01 00:00:00,224.89244,223.5382,68614.414,0.0,,0,-90.0,335.25,0001,,-48.257553,-49.6118
2013-10-01 06:00:00,,,,,,0,-90.0,335.25,,2102272.0,,
2013-11-01 00:00:00,239.82536,238.05188,68733.89,0.0,,0,-90.0,335.25,0001,,-33.32463,-35.098114
2013-11-01 06:00:00,,,,,,0,-90.0,335.25,,4816384.0,,
2013-12-01 00:00:00,246.89424,243.15208,69016.9,0.0,,0,-90.0,335.25,0001,,-26.255753,-29.99791
2013-12-01 06:00:00,,,,,,0,-90.0,335.25,,6350848.0,,
2014-01-01 00:00:00,246.01352,242.25089,69508.53,0.0,,0,-90.0,335.25,0001,,-27.136475,-30.899109
2014-01-01 06:00:00,,,,,,0,-90.0,335.25,,5665792.0,,
2014-02-01 00:00:00,231.77776,230.54634,68763.53,0.0,,0,-90.0,335.25,0001,,-41.37224,-42.603653
2014-02-01 06:00:00,,,,,,0,-90.0,335.25,,3222528.0,,
2014-03-01 00:00:00,221.38911,221.4885,68389.86,0.0,,0,-90.0,335.25,0001,,-51.76088,-51.6615
2014-03-01 06:00:00,,,,,,0,-90.0,335.25,,461745.5,,
2014-04-01 00:00:00,223.54634,224.20566,68343.734,0.0,,0,-90.0,335.25,0001,,-49.603653,-48.944336
2014-04-01 06:00:00,,,,,,0,-90.0,335.25,,8.639997e-11,,
2014-05-01 00:00:00,222.66335,222.65955,69162.14,0.0,,0,-90.0,335.25,0001,,-50.48665,-50.490448
2014-05-01 06:00:00,,,,,,0,-90.0,335.25,,8.639997e-11,,
2014-06-01 00:00:00,222.46408,222.66751,68579.36,0.0,,0,-90.0,335.25,0001,,-50.685913,-50.482483
2014-06-01 06:00:00,,,,,,0,-90.0,335.25,,8.639997e-11,,
2014-07-01 00:00:00,216.65047,217.10283,67861.945,0.0,,0,-90.0,335.25,0001,,-56.499527,-56.047165
2014-07-01 06:00:00,,,,,,0,-90.0,335.25,,8.639997e-11,,
2014-08-01 00:00:00,217.61714,216.9905,68305.7,0.0,,0,-90.0,335.25,0001,,-55.532852,-56.1595
2014-08-01 06:00:00,,,,,,0,-90.0,335.25,,8.639997e-11,,
2014-09-01 00:00:00,219.27847,219.09105,69069.125,0.0,,0,-90.0,335.25,0001,,-53.87152,-54.058945
2014-09-01 06:00:00,,,,,,0,-90.0,335.25,,60142.074,,
2014-10-01 00:00:00,224.69005,224.2718,68247.766,0.0,,0,-90.0,335.25,0001,,-48.459946,-48.87819
2014-10-01 06:00:00,,,,,,0,-90.0,335.25,,1976320.0,,
2014-11-01 00:00:00,236.81526,234.07214,68681.32,0.0,,0,-90.0,335.25,0001,,-36.334732,-39.07785
2014-11-01 06:00:00,,,,,,0,-90.0,335.25,,5118464.0,,
2014-12-01 00:00:00,246.22072,242.83722,68805.945,0.0,,0,-90.0,335.25,0001,,-26.929276,-30.312775
2014-12-01 06:00:00,,,,,,0,-90.0,335.25,,6258176.0,,
2015-01-01 00:00:00,244.09088,241.66368,69211.734,0.0,,0,-90.0,335.25,0001,,-29.059113,-31.486313
2015-01-01 06:00:00,,,,,,0,-90.0,335.25,,5586944.0,,
2015-02-01 00:00:00,233.52406,233.09494,68678.05,0.0,,0,-90.0,335.25,0001,,-39.62593,-40.055054
2015-02-01 06:00:00,,,,,,0,-90.0,335.25,,3098624.0,,
2015-03-01 00:00:00,225.29492,224.62283,68273.33,0.0,,0,-90.0,335.25,0001,,-47.855072,-48.52716
2015-03-01 06:00:00,,,,,,0,-90.0,335.25,,453091.2,,
2015-04-01 00:00:00,224.3322,222.99153,68080.375,0.0,,0,-90.0,335.25,0001,,-48.817795,-50.158463
2015-04-01 06:00:00,,,,,,0,-90.0,335.25,,8.639997e-11,,
2015-05-01 00:00:00,220.10445,219.43056,68235.44,0.0,,0,-90.0,335.25,0001,,-53.045547,-53.719437
2015-05-01 06:00:00,,,,,,0,-90.0,335.25,,8.639997e-11,,
2015-06-01 00:00:00,220.62482,219.53127,68426.25,0.0,,0,-90.0,335.25,0001,,-52.525177,-53.61873
2015-06-01 06:00:00,,,,,,0,-90.0,335.25,,8.639997e-11,,
2015-07-01 00:00:00,215.14941,214.38405,67570.66,0.0,,0,-90.0,335.25,0001,,-58.00058,-58.765945
2015-07-01 06:00:00,,,,,,0,-90.0,335.25,,8.639997e-11,,
2015-08-01 00:00:00,217.44688,216.05675,67707.64,0.0,,0,-90.0,335.25,0001,,-55.70311,-57.093246
2015-08-01 06:00:00,,,,,,0,-90.0,335.25,,8.639997e-11,,
2015-09-01 00:00:00,217.80937,217.5144,67556.36,0.0,,0,-90.0,335.25,0001,,-55.340622,-55.63559
2015-09-01 06:00:00,,,,,,0,-90.0,335.25,,53862.695,,
2015-10-01 00:00:00,228.98734,229.0903,68646.17,0.0,,0,-90.0,335.25,0001,,-44.16266,-44.059692
2015-10-01 06:00:00,,,,,,0,-90.0,335.25,,1826304.0,,
2015-11-01 00:00:00,239.214,238.68016,68634.25,0.0,,0,-90.0,335.25,0001,,-33.93599,-34.469833
2015-11-01 06:00:00,,,,,,0,-90.0,335.25,,4463104.0,,
2015-12-01 00:00:00,245.57275,243.51833,69197.63,0.0,,0,-90.0,335.25,0001,,-27.57724,-29.631668
2015-12-01 06:00:00,,,,,,0,-90.0,335.25,,6198784.0,,
2016-01-01 00:00:00,243.3559,240.83234,68781.016,0.0,,0,-90.0,335.25,0001,,-29.794098,-32.317657
2016-01-01 06:00:00,,,,,,0,-90.0,335.25,,5692416.0,,
2016-02-01 00:00:00,233.36655,232.60214,68929.99,0.0,,0,-90.0,335.25,0001,,-39.783447,-40.54785
2016-02-01 06:00:00,,,,,,0,-90.0,335.25,,3116032.0,,
2016-03-01 00:00:00,222.87155,222.63611,68063.13,0.0,,0,-90.0,335.25,0001,,-50.278442,-50.513885
2016-03-01 06:00:00,,,,,,0,-90.0,335.25,,438958.7,,
2016-04-01 00:00:00,223.28545,223.22012,68260.53,0.0,,0,-90.0,335.25,0001,,-49.864548,-49.92987
2016-04-01 06:00:00,,,,,,0,-90.0,335.25,,8.639997e-11,,
2016-05-01 00:00:00,219.94609,219.48354,68436.94,0.0,,0,-90.0,335.25,0001,,-53.203903,-53.66646
2016-05-01 06:00:00,,,,,,0,-90.0,335.25,,8.639997e-11,,
2016-06-01 00:00:00,221.55193,221.58914,67811.81,0.0,,0,-90.0,335.25,0001,,-51.59807,-51.560852
2016-06-01 06:00:00,,,,,,0,-90.0,335.25,,8.639997e-11,,
2016-07-01 00:00:00,215.7128,214.74803,67970.14,0.0,,0,-90.0,335.25,0001,,-57.437195,-58.401962
2016-07-01 06:00:00,,,,,,0,-90.0,335.25,,8.639997e-11,,
2016-08-01 00:00:00,220.63948,219.41924,68841.39,0.0,,0,-90.0,335.25,0001,,-52.510513,-53.73076
2016-08-01 06:00:00,,,,,,0,-90.0,335.25,,8.639997e-11,,
2016-09-01 00:00:00,217.66545,217.44395,67632.3,0.0,,0,-90.0,335.25,0001,,-55.484543,-55.70604
2016-09-01 06:00:00,,,,,,0,-90.0,335.25,,82254.81,,
2016-10-01 00:00:00,225.0075,224.65996,68192.55,0.0,,0,-90.0,335.25,0001,,-48.142487,-48.490036
2016-10-01 06:00:00,,,,,,0,-90.0,335.25,,2057728.0,,
2016-11-01 00:00:00,239.89183,238.7553,69402.47,0.0,,0,-90.0,335.25,0001,,-33.258163,-34.3947
2016-11-01 06:00:00,,,,,,0,-90.0,335.25,,4743168.0,,
2016-12-01 00:00:00,247.42653,244.62947,69601.44,0.0,,0,-90.0,335.25,0001,,-25.723465,-28.520523
2016-12-01 06:00:00,,,,,,0,-90.0,335.25,,6190080.0,,
2017-01-01 00:00:00,245.95789,243.85724,69796.47,0.0,,0,-90.0,335.25,0001,,-27.192108,-29.292755
2017-01-01 06:00:00,,,,,,0,-90.0,335.25,,5395456.0,,
2017-02-01 00:00:00,236.22559,235.42697,69181.47,0.0,,0,-90.0,335.25,0001,,-36.924408,-37.723022
2017-02-01 06:00:00,,,,,,0,-90.0,335.25,,3002880.0,,
2017-03-01 00:00:00,225.64879,225.72862,68920.92,0.0,,0,-90.0,335.25,0001,,-47.501205,-47.42137
2017-03-01 06:00:00,,,,,,0,-90.0,335.25,,457937.56,,
2017-04-01 00:00:00,220.58994,220.1597,68437.21,0.0,,0,-90.0,335.25,0001,,-52.56006,-52.990295
2017-04-01 06:00:00,,,,,,0,-90.0,335.25,,8.639997e-11,,
2017-05-01 00:00:00,220.9925,220.31638,68496.695,0.0,,0,-90.0,335.25,0001,,-52.1575,-52.83362
2017-05-01 06:00:00,,,,,,0,-90.0,335.25,,8.639997e-11,,
2017-06-01 00:00:00,220.44824,220.01683,68406.375,0.0,,0,-90.0,335.25,0001,,-52.70175,-53.133163
2017-06-01 06:00:00,,,,,,0,-90.0,335.25,,8.639997e-11,,
2017-07-01 00:00:00,218.73235,217.61612,68076.33,0.0,,0,-90.0,335.25,0001,,-54.41765,-55.533875
2017-07-01 06:00:00,,,,,,0,-90.0,335.25,,8.639997e-11,,
2017-08-01 00:00:00,217.37576,216.10501,67899.11,0.0,,0,-90.0,335.25,0001,,-55.77423,-57.044983
2017-08-01 06:00:00,,,,,,0,-90.0,335.25,,8.639997e-11,,
2017-09-01 00:00:00,220.01347,218.71121,67845.69,0.0,,0,-90.0,335.25,0001,,-53.13652,-54.43878
2017-09-01 06:00:00,,,,,,0,-90.0,335.25,,54839.703,,
2017-10-01 00:00:00,229.3586,229.013,68974.66,0.0,,0,-90.0,335.25,0001,,-43.791397,-44.136993
2017-10-01 06:00:00,,,,,,0,-90.0,335.25,,1931264.0,,
2017-11-01 00:00:00,237.68674,237.08133,68582.6,0.0,,0,-90.0,335.25,0001,,-35.463257,-36.068665
2017-11-01 06:00:00,,,,,,0,-90.0,335.25,,4659200.0,,
2017-12-01 00:00:00,244.00105,242.01842,69037.664,0.0,,0,-90.0,335.25,0001,,-29.148941,-31.131577
2017-12-01 06:00:00,,,,,,0,-90.0,335.25,,6370304.0,,
2018-01-01 00:00:00,245.83896,244.30055,69167.5,0.0,,0,-90.0,335.25,0001,,-27.311035,-28.849442
2018-01-01 06:00:00,,,,,,0,-90.0,335.25,,5480960.0,,
2018-02-01 00:00:00,234.85994,233.92163,68536.336,0.0,,0,-90.0,335.25,0001,,-38.290054,-39.228363
2018-02-01 06:00:00,,,,,,0,-90.0,335.25,,3152384.0,,
2018-03-01 00:00:00,227.51448,226.51822,69108.39,0.0,,0,-90.0,335.25,0001,,-45.635513,-46.631775
2018-03-01 06:00:00,,,,,,0,-90.0,335.25,,428306.0,,
2018-04-01 00:00:00,220.57568,219.2656,68792.875,0.0,,0,-90.0,335.25,0001,,-52.57431,-53.8844
2018-04-01 06:00:00,,,,,,0,-90.0,335.25,,8.639997e-11,,
2018-05-01 00:00:00,226.69135,225.81183,68662.805,0.0,,0,-90.0,335.25,0001,,-46.45865,-47.338165
2018-05-01 06:00:00,,,,,,0,-90.0,335.25,,8.639997e-11,,
2018-06-01 00:00:00,227.82964,227.25641,68987.39,0.0,,0,-90.0,335.25,0001,,-45.32036,-45.893585
2018-06-01 06:00:00,,,,,,0,-90.0,335.25,,8.639997e-11,,
2018-07-01 00:00:00,218.93541,217.20216,68180.33,0.0,,0,-90.0,335.25,0001,,-54.214584,-55.94783
2018-07-01 06:00:00,,,,,,0,-90.0,335.25,,8.639997e-11,,
2018-08-01 00:00:00,220.5734,219.1656,68884.22,0.0,,0,-90.0,335.25,0001,,-52.5766,-53.98439
2018-08-01 06:00:00,,,,,,0,-90.0,335.25,,8.639997e-11,,
2018-09-01 00:00:00,216.25812,214.4927,67673.42,0.0,,0,-90.0,335.25,0001,,-56.891876,-58.657288
2018-09-01 06:00:00,,,,,,0,-90.0,335.25,,55046.395,,
2018-10-01 00:00:00,229.9871,229.87776,68460.94,0.0,,0,-90.0,335.25,0001,,-43.162888,-43.272232
2018-10-01 06:00:00,,,,,,0,-90.0,335.25,,1831936.0,,
2018-11-01 00:00:00,236.23831,235.72026,68552.06,0.0,,0,-90.0,335.25,0001,,-36.911682,-37.429733
2018-11-01 06:00:00,,,,,,0,-90.0,335.25,,4737536.0,,
2018-12-01 00:00:00,249.32628,247.83038,69401.56,0.0,,0,-90.0,335.25,0001,,-23.823715,-25.31961
2018-12-01 06:00:00,,,,,,0,-90.0,335.25,,5970944.0,,
2019-01-01 00:00:00,245.64404,243.86624,68965.05,0.0,,0,-90.0,335.25,0001,,-27.50595,-29.283752
2019-01-01 06:00:00,,,,,,0,-90.0,335.25,,5414400.0,,
2019-02-01 00:00:00,238.14096,237.11519,69293.93,0.0,,0,-90.0,335.25,0001,,-35.009033,-36.034805
2019-02-01 06:00:00,,,,,,0,-90.0,335.25,,3036672.0,,
2019-03-01 00:00:00,227.17795,227.02884,68706.86,0.0,,0,-90.0,335.25,0001,,-45.972046,-46.121155
2019-03-01 06:00:00,,,,,,0,-90.0,335.25,,453637.8,,
2019-04-01 00:00:00,221.23398,221.27522,68626.3,0.0,,0,-90.0,335.25,0001,,-51.916016,-51.87477
2019-04-01 06:00:00,,,,,,0,-90.0,335.25,,8.639997e-11,,
2019-05-01 00:00:00,221.13322,221.15483,69082.734,0.0,,0,-90.0,335.25,0001,,-52.01677,-51.995163
2019-05-01 06:00:00,,,,,,0,-90.0,335.25,,8.639997e-11,,
2019-06-01 00:00:00,218.1095,217.74715,67667.375,0.0,,0,-90.0,335.25,0001,,-55.040497,-55.402847
2019-06-01 06:00:00,,,,,,0,-90.0,335.25,,8.639997e-11,,
2019-07-01 00:00:00,219.6057,219.15936,68592.42,0.0,,0,-90.0,335.25,0001,,-53.544296,-53.99063
2019-07-01 06:00:00,,,,,,0,-90.0,335.25,,8.639997e-11,,
2019-08-01 00:00:00,217.03798,216.59886,68272.41,0.0,,0,-90.0,335.25,0001,,-56.112015,-56.551132
2019-08-01 06:00:00,,,,,,0,-90.0,335.25,,8.639997e-11,,
2019-09-01 00:00:00,218.61559,218.92358,67839.22,0.0,,0,-90.0,335.25,0001,,-54.53441,-54.22641
2019-09-01 06:00:00,,,,,,0,-90.0,335.25,,72230.375,,
2019-10-01 00:00:00,225.94124,226.13718,68522.7,0.0,,0,-90.0,335.25,0001,,-47.208755,-47.012817
2019-10-01 06:00:00,,,,,,0,-90.0,335.25,,1937920.0,,
2019-11-01 00:00:00,238.51625,237.28949,69602.68,0.0,,0,-90.0,335.25,0001,,-34.633743,-35.860504
2019-11-01 06:00:00,,,,,,0,-90.0,335.25,,4849152.0,,
2019-12-01 00:00:00,247.06013,245.21947,69798.17,0.0,,0,-90.0,335.25,0001,,-26.089859,-27.930527
2019-12-01 06:00:00,,,,,,0,-90.0,335.25,,6109696.0,,
2020-01-01 00:00:00,245.04482,242.96274,69449.94,0.0,,0,-90.0,335.25,0001,,-28.105179,-30.187256
2020-01-01 06:00:00,,,,,,0,-90.0,335.25,,5575168.0,,
2020-02-01 00:00:00,234.30675,233.32323,68946.625,0.0,,0,-90.0,335.25,0001,,-38.843246,-39.826767
2020-02-01 06:00:00,,,,,,0,-90.0,335.25,,3143680.0,,
2020-03-01 00:00:00,227.8735,227.88708,68186.75,0.0,,0,-90.0,335.25,0001,,-45.27649,-45.26291
2020-03-01 06:00:00,,,,,,0,-90.0,335.25,,346430.62,,
2020-04-01 00:00:00,223.76082,223.84119,68618.016,0.0,,0,-90.0,335.25,0001,,-49.389175,-49.308807
2020-04-01 06:00:00,,,,,,0,-90.0,335.25,,8.639997e-11,,
2020-05-01 00:00:00,222.87698,222.5618,68322.86,0.0,,0,-90.0,335.25,0001,,-50.27301,-50.588196
2020-05-01 06:00:00,,,,,,0,-90.0,335.25,,8.639997e-11,,
2020-06-01 00:00:00,223.54587,223.06197,68403.36,0.0,,0,-90.0,335.25,0001,,-49.604126,-50.088028
2020-06-01 06:00:00,,,,,,0,-90.0,335.25,,8.639997e-11,,
2020-07-01 00:00:00,218.64964,217.88377,68239.55,0.0,,0,-90.0,335.25,0001,,-54.50035,-55.26622
2020-07-01 06:00:00,,,,,,0,-90.0,335.25,,8.639997e-11,,
2020-08-01 00:00:00,214.79797,213.66922,68672.36,0.0,,0,-90.0,335.25,0001,,-58.35202,-59.480774
2020-08-01 06:00:00,,,,,,0,-90.0,335.25,,8.639997e-11,,
2020-09-01 00:00:00,218.53763,217.96841,68288.484,0.0,,0,-90.0,335.25,0001,,-54.612366,-55.18158
2020-09-01 06:00:00,,,,,,0,-90.0,335.25,,86408.44,,
2020-10-01 00:00:00,222.81744,222.66028,67950.61,0.0,,0,-90.0,335.25,0001,,-50.33255,-50.489716
2020-10-01 06:00:00,,,,,,0,-90.0,335.25,,2063872.0,,
2020-11-01 00:00:00,241.06874,240.61638,68546.055,0.0,,0,-90.0,335.25,0001,,-32.081253,-32.533615
2020-11-01 06:00:00,,,,,,0,-90.0,335.25,,4587008.0,,
2020-12-01 00:00:00,247.45338,245.91049,68787.625,0.0,,0,-90.0,335.25,0001,,-25.69661,-27.239502
2020-12-01 06:00:00,,,,,,0,-90.0,335.25,,5947904.0,,
2021-01-01 00:00:00,244.10674,241.3507,68943.414,0.0,,0,-90.0,335.25,0001,,-29.043259,-31.799301
2021-01-01 06:00:00,,,,,,0,-90.0,335.25,,5655040.0,,
2021-02-01 00:00:00,232.82823,232.78314,68546.91,0.0,,0,-90.0,335.25,0001,,-40.321762,-40.36685
2021-02-01 06:00:00,,,,,,0,-90.0,335.25,,3019264.0,,
2021-03-01 00:00:00,227.27612,227.012,68920.375,0.0,,0,-90.0,335.25,0001,,-45.87387,-46.138
2021-03-01 06:00:00,,,,,,0,-90.0,335.25,,444120.12,,
2021-04-01 00:00:00,220.15999,220.25664,67793.81,0.0,,0,-90.0,335.25,0001,,-52.990005,-52.893356
2021-04-01 06:00:00,,,,,,0,-90.0,335.25,,8.639997e-11,,
2021-05-01 00:00:00,221.5296,221.2219,68388.91,0.0,,0,-90.0,335.25,0001,,-51.62039,-51.9281
2021-05-01 06:00:00,,,,,,0,-90.0,335.25,,8.639997e-11,,
2021-06-01 00:00:00,213.69543,213.68465,68364.11,0.0,,0,-90.0,335.25,0001,,-59.45456,-59.465347
2021-06-01 06:00:00,,,,,,0,-90.0,335.25,,8.639997e-11,,
2021-07-01 00:00:00,218.1821,217.14082,68763.484,0.0,,0,-90.0,335.25,0001,,-54.967896,-56.00917
2021-07-01 06:00:00,,,,,,0,-90.0,335.25,,8.639997e-11,,
2021-08-01 00:00:00,214.47765,213.7257,67964.94,0.0,,0,-90.0,335.25,0001,,-58.672348,-59.4243
2021-08-01 06:00:00,,,,,,0,-90.0,335.25,,8.639997e-11,,
2021-09-01 00:00:00,216.63747,215.67587,67916.01,0.0,,0,-90.0,335.25,0001,,-56.512527,-57.47412
2021-09-01 06:00:00,,,,,,0,-90.0,335.25,,68567.56,,
2021-10-01 00:00:00,221.16652,220.4792,68391.42,0.0,,0,-90.0,335.25,0001,,-51.983475,-52.67079
2021-10-01 06:00:00,,,,,,0,-90.0,335.25,,2187264.0,,
2021-11-01 00:00:00,236.33856,235.10883,68406.17,0.0,,0,-90.0,335.25,0001,,-36.81143,-38.04117
2021-11-01 06:00:00,,,,,,0,-90.0,335.25,,4852224.0,,
2021-12-01 00:00:00,247.27405,245.82927,68595.41,0.0,,0,-90.0,335.25,0001,,-25.875946,-27.320724
2021-12-01 06:00:00,,,,,,0,-90.0,335.25,,5960704.0,,
2022-01-01 00:00:00,246.35037,245.68933,69163.09,0.0,,0,-90.0,335.25,0001,,-26.799622,-27.460663
2022-01-01 06:00:00,,,,,,0,-90.0,335.25,,5113856.0,,
2022-02-01 00:00:00,235.07675,234.62323,68979.72,0.0,,0,-90.0,335.25,0001,,-38.073242,-38.526764
2022-02-01 06:00:00,,,,,,0,-90.0,335.25,,3170816.0,,
2022-03-01 00:00:00,221.6626,222.11905,68567.03,0.0,,0,-90.0,335.25,0001,,-51.487396,-51.030945
2022-03-01 06:00:00,,,,,,0,-90.0,335.25,,502436.88,,
2022-04-01 00:00:00,219.93234,219.88562,68346.23,0.0,,0,-90.0,335.25,0001,,-53.21765,-53.264374
2022-04-01 06:00:00,,,,,,0,-90.0,335.25,,8.639997e-11,,
2022-05-01 00:00:00,219.03954,219.155,68771.47,0.0,,0,-90.0,335.25,0001,,-54.11046,-53.994995
2022-05-01 06:00:00,,,,,,0,-90.0,335.25,,8.639997e-11,,
2022-06-01 00:00:00,223.61801,223.69768,69072.49,0.0,,0,-90.0,335.25,0001,,-49.531982,-49.452316
2022-06-01 06:00:00,,,,,,0,-90.0,335.25,,8.639997e-11,,
2022-07-01 00:00:00,216.64319,216.43472,68045.945,0.0,,0,-90.0,335.25,0001,,-56.506805,-56.71527
2022-07-01 06:00:00,,,,,,0,-90.0,335.25,,8.639997e-11,,
2022-08-01 00:00:00,221.67479,221.87671,68198.11,0.0,,0,-90.0,335.25,0001,,-51.475204,-51.273285
2022-08-01 06:00:00,,,,,,0,-90.0,335.25,,8.639997e-11,,
2022-09-01 00:00:00,218.5783,219.23492,67894.55,0.0,,0,-90.0,335.25,0001,,-54.5717,-53.91507
2022-09-01 06:00:00,,,,,,0,-90.0,335.25,,68815.0,,
2022-10-01 00:00:00,224.07355,223.63771,68060.55,0.0,,0,-90.0,335.25,0001,,-49.076447,-49.512283
2022-10-01 06:00:00,,,,,,0,-90.0,335.25,,2081280.0,,
2022-11-01 00:00:00,235.00414,234.68507,67587.0,0.0,,0,-90.0,335.25,0001,,-38.14586,-38.46492
2022-11-01 06:00:00,,,,,,0,-90.0,335.25,,4795392.0,,
2022-12-01 00:00:00,244.45224,242.9651,68223.875,0.0,,0,-90.0,335.25,0001,,-28.697754,-30.18489
2022-12-01 06:00:00,,,,,,0,-90.0,335.25,,6039040.0,,
2023-01-01 00:00:00,242.44823,241.21907,68126.03,0.0,,0,-90.0,335.25,0001,,-30.701767,-31.930923
2023-01-01 06:00:00,,,,,,0,-90.0,335.25,,5441024.0,,
2023-02-01 00:00:00,233.5303,233.89139,68567.11,0.0,,0,-90.0,335.25,0001,,-39.61969,-39.258606
2023-02-01 06:00:00,,,,,,0,-90.0,335.25,,2964480.0,,
2023-03-01 00:00:00,226.1098,226.65178,68277.22,0.0,,0,-90.0,335.25,0001,,-47.04019,-46.498215
2023-03-01 06:00:00,,,,,,0,-90.0,335.25,,485600.06,,
2023-04-01 00:00:00,223.50516,223.67575,68861.91,0.0,,0,-90.0,335.25,0001,,-49.644836,-49.474243
2023-04-01 06:00:00,,,,,,0,-90.0,335.25,,8.639997e-11,,
2023-05-01 00:00:00,220.59445,220.85861,67889.68,0.0,,0,-90.0,335.25,0001,,-52.555542,-52.29138
2023-05-01 06:00:00,,,,,,0,-90.0,335.25,,8.639997e-11,,
2023-06-01 00:00:00,221.88945,221.63774,68597.88,0.0,,0,-90.0,335.25,0001,,-51.260544,-51.512253
2023-06-01 06:00:00,,,,,,0,-90.0,335.25,,8.639997e-11,,
2023-07-01 00:00:00,219.8559,219.65558,67498.0,0.0,,0,-90.0,335.25,0001,,-53.294098,-53.494415
2023-07-01 06:00:00,,,,,,0,-90.0,335.25,,8.639997e-11,,
2023-08-01 00:00:00,222.0011,221.95908,67467.28,0.0,,0,-90.0,335.25,0001,,-51.148895,-51.190918
2023-08-01 06:00:00,,,,,,0,-90.0,335.25,,8.639997e-11,,
2023-09-01 00:00:00,221.2896,220.61546,68339.57,0.0,,0,-90.0,335.25,0001,,-51.860397,-52.53453
2023-09-01 06:00:00,,,,,,0,-90.0,335.25,,64410.688,,
2023-10-01 00:00:00,226.14645,226.44061,67608.664,0.0,,0,-90.0,335.25,0001,,-47.00354,-46.70938
2023-10-01 06:00:00,,,,,,0,-90.0,335.25,,1852928.0,,
2023-11-01 00:00:00,238.0581,238.85194,68398.266,0.0,,0,-90.0,335.25,0001,,-35.09189,-34.29805
2023-11-01 06:00:00,,,,,,0,-90.0,335.25,,4425728.0,,
2023-12-01 00:00:00,245.05371,244.60413,68372.55,0.0,,0,-90.0,335.25,0001,,-28.096283,-28.545868
2023-12-01 06:00:00,,,,,,0,-90.0,335.25,,5939200.0,,
2024-01-01 00:00:00,242.40312,241.39618,68679.03,0.0,,0,-90.0,335.25,0001,,-30.746872,-31.753815
2024-01-01 06:00:00,,,,,,0,-90.0,335.25,,5475840.0,,
2024-02-01 00:00:00,233.69542,234.20285,68094.16,0.0,,0,-90.0,335.25,0001,,-39.454575,-38.947144
2024-02-01 06:00:00,,,,,,0,-90.0,335.25,,2906624.0,,
2024-03-01 00:00:00,225.02972,224.41821,68044.66,0.0,,0,-90.0,335.25,0001,,-48.12027,-48.73178
2024-03-01 06:00:00,,,,,,0,-90.0,335.25,,456908.88,,
2024-04-01 00:00:00,221.68597,220.6906,67642.34,0.0,,0,-90.0,335.25,0001,,-51.46402,-52.459396
2024-04-01 06:00:00,,,,,,0,-90.0,335.25,,8.639997e-11,,
2024-05-01 00:00:00,222.6042,222.45886,67785.95,0.0,,0,-90.0,335.25,0001,,-50.54579,-50.69113
2024-05-01 06:00:00,,,,,,0,-90.0,335.25,,8.639997e-11,,
2024-06-01 00:00:00,222.83481,223.21979,67978.59,0.0,,0,-90.0,335.25,0001,,-50.315186,-49.930206
2024-06-01 06:00:00,,,,,,0,-90.0,335.25,,8.639997e-11,,
2024-07-01 00:00:00,223.7246,222.13322,68380.67,0.0,,0,-90.0,335.25,0001,,-49.4254,-51.01677
2024-07-01 06:00:00,,,,,,0,-90.0,335.25,,8.639997e-11,,
2024-08-01 00:00:00,223.68858,220.89449,68812.305,0.0,,0,-90.0,335.25,0001,,-49.46141,-52.25551
2024-08-01 06:00:00,,,,,,0,-90.0,335.25,,8.639997e-11,,
2024-09-01 00:00:00,222.37654,220.20174,67818.83,0.0,,0,-90.0,335.25,0001,,-50.773453,-52.948257
2024-09-01 06:00:00,,,,,,0,-90.0,335.25,,70679.44,,
2024-10-01 00:00:00,225.90105,226.12494,68426.83,0.0,,0,-90.0,335.25,0001,,-47.248947,-47.025055
2024-10-01 06:00:00,,,,,,0,-90.0,335.25,,2027008.0,,
2024-11-01 00:00:00,236.67525,236.80931,67775.41,0.0,,0,-90.0,335.25,0001,,-36.474747,-36.340683
2024-11-01 06:00:00,,,,,,0,-90.0,335.25,,4674560.0,,
2024-12-01 00:00:00,244.52588,242.40805,69221.914,0.0,,0,-90.0,335.25,0001,,-28.624115,-30.741943
2024-12-01 06:00:00,,,,,,0,-90.0,335.25,,6274048.0,,
2025-01-01 00:00:00,247.20181,246.189,68862.805,0.0,,0,-90.0,335.25,0001,,-25.948181,-26.960999
2025-01-01 06:00:00,,,,,,0,-90.0,335.25,,5185024.0,,
2025-02-01 00:00:00,236.6245,237.34352,68442.914,0.0,,0,-90.0,335.25,0001,,-36.525497,-35.806473
2025-02-01 06:00:00,,,,,,0,-90.0,335.25,,2770432.0,,
2025-03-01 00:00:00,225.22995,225.78578,67888.78,0.0,,0,-90.0,335.25,0001,,-47.920044,-47.364212
2025-03-01 06:00:00,,,,,,0,-90.0,335.25,,477744.8,,
2025-04-01 00:00:00,224.64131,224.12129,67851.7,0.0,,0,-90.0,335.25,0001,,-48.508682,-49.0287
2025-04-01 06:00:00,,,,,,0,-90.0,335.25,,8.639997e-11,,
2025-05-01 00:00:00,221.2959,221.04291,68206.44,0.0,,0,-90.0,335.25,0001,,-51.854095,-52.107086
2025-05-01 06:00:00,,,,,,0,-90.0,335.25,,8.639997e-11,,
2025-06-01 00:00:00,221.45442,221.48897,68560.54,0.0,,0,-90.0,335.25,0001,,-51.69557,-51.661026
2025-06-01 06:00:00,,,,,,0,-90.0,335.25,,8.639997e-11,,
2025-07-01 00:00:00,220.21971,220.51549,67625.41,0.0,,0,-90.0,335.25,0001,,-52.930283,-52.634506
2025-07-01 06:00:00,,,,,,0,-90.0,335.25,,8.639997e-11,,
2025-08-01 00:00:00,223.18327,222.90291,68228.375,0.0,,0,-90.0,335.25,0001,,-49.96672,-50.247086
2025-08-01 06:00:00,,,,,,0,-90.0,335.25,,8.639997e-11,,
2025-09-01 00:00:00,222.41522,222.46413,68107.72,0.0,,0,-90.0,335.25,0005,,-50.73477,-50.685867
2025-09-01 06:00:00,,,,,,0,-90.0,335.25,,59424.14,,
2025-10-01 00:00:00,226.1918,226.21037,68069.375,0.0,,0,-90.0,335.25,0005,,-46.95819,-46.93962
2025-10-01 06:00:00,,,,,,0,-90.0,335.25,,2172928.0,,
