Year,Month,Ant_total,Ant_east,Ant_west,sp,ssr,t2m_c,skt_c,N2O,CO2,CH4
1975,1,,,,69441.54,5463040.0,-28.476059,-29.248825,,,
1975,2,,,,69172.1,3017728.0,-35.965103,-37.239532,,,
1975,3,,,,68785.695,431655.12,-45.428085,-47.281006,,,
1975,4,,,,68145.39,8.639997e-11,-54.786545,-57.04042,,,
1975,5,,,,69257.914,8.639997e-11,-49.846344,-52.95352,,,
1975,6,,,,68444.42,8.639997e-11,-57.400696,-60.509796,,,
1975,7,,,,68189.8,8.639997e-11,-59.463715,-61.73062,,329.39,
1975,8,,,,67507.516,8.639997e-11,-57.31549,-59.55957,,329.86,
1975,9,,,,67605.41,59219.43,-56.79387,-59.004868,,330.05,
1975,10,,,,67894.42,1942528.0,-48.108658,-49.627808,,330.27,
1975,11,,,,68551.2,4843520.0,-37.561935,-38.71672,,330.47,
1975,12,,,,69410.89,6314496.0,-28.973297,-29.672195,,330.08,
1976,1,,,,69589.05,5580800.0,-29.220566,-30.065613,,329.46,
1976,2,,,,68794.81,3040256.0,-37.857895,-38.93747,,329.23,
1976,3,,,,68433.12,406018.38,-49.105713,-50.614822,,329.18,
1976,4,,,,67889.32,8.639997e-11,-56.455093,-58.79097,,329.37,
1976,5,,,,67568.2,8.639997e-11,-56.249786,-58.62552,,329.61,
1976,6,,,,68241.766,8.639997e-11,-56.532684,-59.225464,,329.78,
1976,7,,,,68236.4,8.639997e-11,-57.21811,-59.613647,,330.16,
1976,8,,,,67424.45,8.639997e-11,-60.879807,-63.87175,,330.69,
1976,9,,,,67402.24,72855.0,-55.392166,-57.94217,,331.16,
1976,10,,,,67284.86,1992192.0,-48.177704,-49.995773,,331.52,
1976,11,,,,69202.39,4730368.0,-36.801178,-37.55504,,331.49,
1976,12,,,,70252.66,6223360.0,-27.619507,-28.187057,,331.07,
1977,1,,,,70038.17,5311488.0,-26.316757,-26.919464,,330.84,
1977,2,,,,68784.23,3082240.0,-38.86197,-40.177856,,330.86,
1977,3,,,,68569.1,388304.06,-48.038773,-49.523514,,330.72,
1977,4,,,,68633.586,8.639997e-11,-51.50238,-53.400497,,330.53,
1977,5,,,,68712.016,8.639997e-11,-49.961975,-51.957047,,330.67,
1977,6,,,,68639.14,8.639997e-11,-49.99701,-51.45854,,331.01,
1977,7,,,,68273.69,8.639997e-11,-51.522903,-53.883835,,331.56,
1977,8,,,,68536.93,8.639997e-11,-53.28282,-55.57817,,332.49,
1977,9,,,,67021.086,62216.527,-55.842743,-58.206543,,333.0,
1977,10,,,,67662.83,2209280.0,-53.31581,-55.607834,,332.82,
1977,11,,,,68315.59,4749824.0,-38.4097,-39.304337,,332.49,
1977,12,,,,69185.54,6443520.0,-31.723267,-32.29239,,332.39,
1978,1,,,,68861.77,5644800.0,-31.025558,-31.957626,,332.46,
1978,2,,,,68904.36,2998784.0,-37.499435,-38.71521,,332.35,
1978,3,,,,68723.59,501199.8,-48.4505,-50.463425,,332.27,
1978,4,,,,68743.46,8.639997e-11,-46.02954,-47.548798,,332.6,
1978,5,,,,68399.25,8.639997e-11,-50.5316,-52.546173,,333.14,
1978,6,,,,68301.89,8.639997e-11,-54.774017,-56.892807,,333.48,
1978,7,,,,68510.14,8.639997e-11,-55.630493,-58.029434,,333.85,
1978,8,,,,67044.84,8.639997e-11,-53.496613,-56.064056,,334.38,
1978,9,,,,67800.58,56936.453,-54.598206,-57.412582,,334.84,
1978,10,,,,68239.47,1790976.0,-44.88127,-46.195602,,335.33,
1978,11,,,,68749.78,4787200.0,-36.24591,-36.88286,,335.28,
1978,12,,,,69169.46,6238208.0,-28.965225,-29.482056,,334.81,
1979,1,,,,69258.2,5719040.0,-30.221878,-31.227448,,334.36,
1979,2,,,,68907.58,3184128.0,-39.004654,-40.647827,,333.89,
1979,3,,,,68381.17,413840.44,-45.236313,-46.412018,,333.65,
1979,4,,,,68794.79,8.639997e-11,-47.333817,-49.805847,,333.82,
1979,5,,,,67839.27,8.639997e-11,-54.506027,-56.96547,,334.21,
1979,6,,,,68363.234,8.639997e-11,-50.72348,-52.277542,,334.43,
1979,7,,,,67042.8,8.639997e-11,-57.205215,-59.22699,,334.97,
1979,8,,,,67913.28,8.639997e-11,-54.985825,-57.276,,335.56,
1979,9,,,,68242.56,49469.863,-50.36786,-52.27449,,335.6,
1979,10,,,,68033.15,1828352.0,-47.49849,-49.15274,,335.59,
1979,11,,,,68981.11,4768768.0,-36.459763,-37.697876,,335.65,
1979,12,,,,69445.375,6250496.0,-29.260468,-29.953415,,335.79,
1980,1,,,,69395.41,5707264.0,-29.748352,-30.873428,,335.97,
1980,2,,,,69253.55,3107840.0,-38.869186,-40.148453,,336.15000000000003,
1980,3,,,,68867.62,445911.7,-46.972046,-49.37828,,336.33000000000004,
1980,4,,,,68968.83,8.639997e-11,-51.802094,-54.26671,,336.51,
1980,5,,,,68720.53,8.639997e-11,-51.48265,-53.78253,,336.69,
1980,6,,,,68213.86,8.639997e-11,-52.66725,-54.442825,,336.87,
1980,7,,,,68645.99,8.639997e-11,-52.932663,-55.74353,,337.05,
1980,8,,,,68609.95,8.639997e-11,-55.49205,-58.40033,,337.23,
1980,9,,,,68554.16,58931.195,-54.010544,-56.32312,,337.41,
1980,10,,,,68081.77,1839616.0,-46.649506,-47.904495,,337.59,
1980,11,,,,69367.14,4590080.0,-34.003082,-34.907303,,337.77,
1980,12,,,,69306.93,6234624.0,-29.852081,-30.424088,,337.95,
1981,1,,,,69302.42,5260288.0,-27.894104,-28.585037,,338.13,
1981,2,,,,69032.25,3059200.0,-37.46315,-38.71747,,338.31,
1981,3,,,,69313.45,481208.7,-46.96405,-49.098846,,338.49,
1981,4,,,,68458.91,8.639997e-11,-50.84726,-53.594574,,338.66999999999996,
1981,5,,,,68697.36,8.639997e-11,-47.8181,-49.201645,,338.84999999999997,
1981,6,,,,68352.03,8.639997e-11,-51.36946,-53.023804,,339.03,
1981,7,,,,68834.2,8.639997e-11,-49.57483,-51.8192,,339.21,
1981,8,,,,69056.81,8.639997e-11,-48.4133,-50.60977,,339.55,
1981,9,,,,67907.83,80308.0,-54.703354,-57.486115,,339.55,
1981,10,,,,68135.484,2103808.0,-51.775238,-53.96489,,339.5,
1981,11,,,,68334.85,4922880.0,-38.433136,-39.640762,,339.41,
1981,12,,,,68745.05,6173696.0,-28.968063,-29.684784,,339.12,
1982,1,,,,69568.875,5612032.0,-29.46199,-30.534073,,338.93,
1982,2,,,,68943.06,3179520.0,-38.07286,-39.711548,,338.8,
1982,3,,,,67970.64,438970.62,-47.94931,-49.296066,,338.74,
1982,4,,,,68158.56,8.639997e-11,-47.36116,-49.335266,,339.01,
1982,5,,,,68185.09,8.639997e-11,-48.915024,-51.121536,,339.25,
1982,6,,,,67865.94,8.639997e-11,-52.691254,-54.356354,,339.35,
1982,7,,,,68488.09,8.639997e-11,-51.04657,-53.520493,,339.66,
1982,8,,,,67907.96,8.639997e-11,-54.247864,-56.39502,,340.12,
1982,9,,,,67668.58,50940.582,-54.845657,-57.119812,,340.41,
1982,10,,,,68309.76,1723904.0,-43.874023,-45.371124,,340.46,
1982,11,,,,69336.39,4900352.0,-33.2574,-34.44789,,340.29,
1982,12,,,,70016.984,6193664.0,-27.758347,-28.524124,,340.07,
1983,1,,,,69633.65,5266944.0,-28.134048,-28.644241,,339.96,
1983,2,,,,69206.49,3051520.0,-38.5085,-39.916473,,339.81,1555.9
1983,3,,,,68816.83,483225.12,-47.56125,-49.625153,,339.78,1556.2
1983,4,,,,68846.53,8.639997e-11,-49.76944,-51.95465,,340.22,1561.97
1983,5,,,,69286.68,8.639997e-11,-50.415024,-52.64859,,340.71,1570.32
1983,6,,,,68362.16,8.639997e-11,-54.00879,-56.491577,,340.93,1578.08
1983,7,,,,67837.336,8.639997e-11,-54.755463,-56.606888,,341.26,1586.07
1983,8,,,,68148.78,8.639997e-11,-51.421326,-53.78311,,341.81,1592.37
1983,9,,,,67991.89,59610.023,-52.17737,-54.47206,,342.09,1595.81
1983,10,,,,67826.16,1940992.0,-46.893204,-48.336197,,342.12,1597.13
1983,11,,,,68145.28,4417536.0,-37.871338,-38.25006,,342.08,1594.13
1983,12,,,,69157.516,6439424.0,-31.033707,-31.954773,,341.96,1587.73
1984,1,,,,69881.91,5473280.0,-28.097824,-29.012268,,341.84,1580.05
1984,2,,,,69124.49,2701312.0,-34.99672,-35.51317,,341.76,1575.59
1984,3,,,,68623.8,388971.5,-45.088745,-47.124725,,341.68,1576.7
1984,4,,,,68639.17,8.639997e-11,-52.478256,-54.675323,,341.66,1582.04
1984,5,,,,69028.77,8.639997e-11,-48.88893,-50.962357,,341.79,1590.21
1984,6,,,,68354.484,8.639997e-11,-57.342102,-59.684372,,342.02,1596.4
1984,7,,,,68155.95,8.639997e-11,-48.38846,-49.914948,,342.44,1600.14
1984,8,,,,68447.586,8.639997e-11,-53.6873,-55.321182,,342.93,1604.06
1984,9,,,,68226.16,69009.19,-51.864212,-53.90474,,343.23,1609.59
1984,10,,,,68014.38,1946112.0,-49.8087,-51.008667,,343.3,1609.74
1984,11,,,,68773.766,4929024.0,-37.74762,-38.786926,,343.19,1606.66
1984,12,,,,70024.47,6040064.0,-28.005127,-28.458511,,343.08,1601.27
1985,1,,,,69841.44,5686784.0,-29.889069,-30.989975,,343.05,1591.77
1985,2,,,,68780.7,2936832.0,-38.71042,-39.870148,,343.14,1587.82
1985,3,,,,68816.945,420581.38,-47.385773,-49.114212,,343.05,1586.76
1985,4,,,,68727.516,8.639997e-11,-49.12944,-51.46393,,343.05,1590.53
1985,5,,,,68593.56,8.639997e-11,-52.592224,-54.476624,,343.34,1597.49
1985,6,,,,68747.266,8.639997e-11,-48.174942,-49.618637,,343.59,1604.76
1985,7,,,,66901.7,8.639997e-11,-52.512634,-54.631546,,344.1,1613.49
1985,8,,,,68398.11,8.639997e-11,-52.47516,-55.021713,,344.65,1619.56
1985,9,,,,67877.33,62554.688,-55.05606,-57.566162,,344.81,1623.04
1985,10,,,,68152.695,1845760.0,-46.5168,-47.881668,,344.88,1623.49
1985,11,,,,67944.19,4476928.0,-36.121567,-36.55533,,344.85,1618.77
1985,12,,,,68860.484,6233088.0,-31.12741,-31.68489,,344.75,1609.85
1986,1,,,,69594.5,5199360.0,-25.425232,-26.05809,,344.65,1602.62
1986,2,,,,69914.875,2999296.0,-34.223892,-35.04457,,344.42,1598.85
1986,3,,,,69023.61,430650.38,-46.473083,-46.321976,,344.35,1601.05
1986,4,,,,68649.72,8.639997e-11,-47.92784,-47.711563,,344.48,1606.93
1986,5,,,,69047.19,8.639997e-11,-55.429077,-55.92282,,344.68,1611.8
1986,6,,,,68610.8,8.639997e-11,-56.082,-57.180893,,344.95,1618.28
1986,7,,,,68014.76,8.639997e-11,-53.567352,-54.60933,,345.29,1626.95
1986,8,,,,67817.97,8.639997e-11,-54.145416,-54.801666,,345.82,1632.47
1986,9,,,,67045.61,52480.0,-56.31227,-58.32576,,346.14,1633.86
1986,10,,,,67852.31,2052608.0,-50.191315,-50.130737,,346.12,1634.21
1986,11,,,,68275.46,4325376.0,-36.399307,-35.29323,,346.05,1630.28
1986,12,,,,69092.04,6157824.0,-28.06099,-28.970825,,345.99,1623.26
1987,1,,,,70181.51,5565440.0,-27.186935,-29.34822,,345.96,1615.14
1987,2,,,,68992.26,2596352.0,-36.286133,-35.214844,,345.96,1610.09
1987,3,,,,68790.23,474561.44,-46.326965,-47.01207,,346.05,1612.52
1987,4,,,,68631.516,8.639997e-11,-50.845093,-52.312943,,346.23,1617.68
1987,5,,,,68637.17,8.639997e-11,-52.32872,-53.17224,,346.4,1624.15
1987,6,,,,68853.16,8.639997e-11,-50.37726,-51.882248,,346.85,1631.52
1987,7,,,,68762.14,8.639997e-11,-53.216965,-55.238052,,347.37,1637.61
1987,8,,,,67275.12,8.639997e-11,-59.93802,-61.862274,,347.8,1642.1
1987,9,,,,68637.83,61199.605,-53.685318,-56.39,,348.27,1644.94
1987,10,,,,68146.1,1944576.0,-48.96031,-49.465256,,348.47,1645.03
1987,11,,,,68414.85,5038592.0,-40.398636,-41.119904,,348.49,1641.24
1987,12,,,,69216.266,6427648.0,-30.054398,-31.778458,,348.51,1634.76
1988,1,,,,69579.984,5391360.0,-28.147766,-29.094803,,348.39,1625.0
1988,2,,,,68681.03,2963456.0,-39.548325,-39.29187,,348.17,1619.77
1988,3,,,,68831.2,393996.7,-43.454132,-44.434372,,348.25,1623.48
1988,4,,,,68651.19,8.639997e-11,-49.922073,-51.628708,,348.5,1628.54
1988,5,,,,68871.836,8.639997e-11,-53.10315,-55.085175,,348.66,1633.07
1988,6,,,,69377.3,8.639997e-11,-50.15416,-51.866272,,348.96,1640.91
1988,7,,,,67839.56,8.639997e-11,-55.713745,-56.863388,,349.35,1649.11
1988,8,,,,68523.05,8.639997e-11,-52.749542,-53.701416,,349.78,1654.5
1988,9,,,,68843.22,64977.414,-52.187195,-53.212585,,350.04,1656.93
1988,10,,,,69455.9,2068480.0,-46.58307,-47.354874,,350.15,1659.74
1988,11,,,,68566.2,4814336.0,-37.644318,-37.995132,,350.12,1656.99
1988,12,,,,68956.805,6187008.0,-29.198227,-29.921692,,350.04,1648.24
1989,1,,,,69395.81,5374464.0,-30.379364,-30.663696,,350.11,1640.16
1989,2,,,,68829.58,2961920.0,-38.027283,-37.937057,,350.09,1634.7
1989,3,,,,68947.9,451531.62,-47.566437,-48.8161,,350.08,1634.71
1989,4,,,,68709.22,8.639997e-11,-53.12657,-54.929764,,350.17,1639.47
1989,5,,,,67531.45,8.639997e-11,-54.422913,-56.059906,,350.3,1646.54
1989,6,,,,67887.95,8.639997e-11,-54.971207,-56.325073,,350.58,1655.83
1989,7,,,,68065.52,8.639997e-11,-53.582626,-54.9597,,351.01,1663.85
1989,8,,,,68675.7,8.639997e-11,-52.766754,-53.50728,,351.47,1669.16
1989,9,,,,68345.53,58297.83,-51.20894,-52.571884,,351.67,1671.79
1989,10,,,,68102.74,1910784.0,-48.914642,-49.459274,,351.82,1669.92
1989,11,,,,68933.58,4644864.0,-36.295807,-36.078094,,352.11,1666.03
1989,12,,,,69624.15,6477312.0,-27.19043,-29.124863,,351.95,1659.54
1990,1,,,,69469.19,5215232.0,-27.380386,-27.815094,,351.41,1650.54
1990,2,,,,68787.74,2994176.0,-38.847763,-38.95636,,351.11,1646.5
1990,3,,,,68759.75,456030.75,-48.359787,-49.777466,,351.01,1647.88
1990,4,,,,69206.52,8.639997e-11,-52.210297,-54.49472,,351.23,1651.19
1990,5,,,,69154.734,8.639997e-11,-54.15271,-55.756546,,351.71,1655.83
1990,6,,,,68802.19,8.639997e-11,-50.479355,-51.367844,,351.93,1661.81
1990,7,,,,68837.09,8.639997e-11,-52.034607,-53.539185,,352.27,1669.05
1990,8,,,,68135.13,8.639997e-11,-55.101517,-56.595856,,352.68,1674.62
1990,9,,,,67377.945,61596.277,-53.189728,-54.6996,,352.86,1677.93
1990,10,,,,68518.03,1986048.0,-45.000046,-46.04808,,353.01,1677.0
1990,11,,,,69174.59,4606976.0,-33.922165,-34.867096,,352.98,1672.64
1990,12,,,,69539.09,6124032.0,-26.14125,-27.42157,,352.87,1665.0
1991,1,,,,69011.33,5605888.0,-28.953354,-30.355927,,352.81,1659.42
1991,2,,,,69598.25,3045888.0,-35.7762,-36.21974,,352.57,1658.88
1991,3,,,,68260.19,418749.8,-47.795135,-48.68721,,352.53,1655.41
1991,4,,,,68724.28,8.639997e-11,-51.698456,-53.279144,,352.85,1656.48
1991,5,,,,68411.81,8.639997e-11,-51.745575,-54.07158,,352.97,1665.39
1991,6,,,,68931.13,8.639997e-11,-52.92192,-54.93228,,353.18,1673.43
1991,7,,,,68706.875,8.639997e-11,-50.717422,-52.447845,,353.72,1678.67
1991,8,,,,68001.61,8.639997e-11,-52.827133,-55.304214,,354.06,1683.97
1991,9,,,,68736.75,50434.887,-48.7603,-50.298035,,354.14,1689.29
1991,10,,,,68122.5,1845760.0,-46.62651,-46.98062,,354.09,1691.16
1991,11,,,,68868.7,4633088.0,-37.05452,-36.818344,,354.06,1688.89
1991,12,,,,70233.44,6319104.0,-27.449814,-29.302032,,354.07,1682.44
1992,1,,,,69304.04,5389824.0,-29.40242,-30.785324,,353.81,1675.17
1992,2,,,,69344.16,3094528.0,-40.338654,-41.008987,,353.44,1671.77
1992,3,,,,68686.2,460413.06,-50.017044,-52.411026,,353.28,1671.66
1992,4,,,,68518.21,8.639997e-11,-47.263412,-49.098923,,353.5,1675.93
1992,5,,,,69080.85,8.639997e-11,-52.090958,-54.125214,,353.83,1682.24
1992,6,,,,69144.91,8.639997e-11,-50.72278,-52.108063,,354.29,1689.95
1992,7,,,,68284.47,8.639997e-11,-55.335495,-57.172318,,354.84,1697.56
1992,8,,,,67812.25,8.639997e-11,-55.460007,-56.76851,,355.2,1702.02
1992,9,,,,67677.59,64726.902,-52.532715,-53.78235,,355.39,1702.78
1992,10,,,,68540.41,1882112.0,-42.932205,-43.51396,,355.37,1700.3
1992,11,,,,68387.45,4754944.0,-36.9252,-37.11696,,355.31,1694.11
1992,12,,,,69058.55,6055936.0,-30.058182,-30.609772,,355.15,1687.48
1993,1,,,,69884.33,5052928.0,-27.706146,-27.553665,,354.88,1678.5
1993,2,,,,68636.58,2689024.0,-37.96379,-37.35028,,354.7,1672.83
1993,3,,,,68674.42,434054.2,-46.461334,-46.916092,,354.61,1673.59
1993,4,,,,68440.055,8.639997e-11,-50.75415,-51.390686,,354.65,1675.35
1993,5,,,,68100.09,8.639997e-11,-49.590958,-50.626404,,354.76,1681.31
1993,6,,,,68072.71,8.639997e-11,-54.320023,-55.43489,,355.06,1688.07
1993,7,,,,67777.016,8.639997e-11,-52.717575,-53.22992,,355.57,1691.68
1993,8,,,,67450.914,8.639997e-11,-58.269714,-59.509583,,355.93,1697.76
1993,9,,,,67886.234,64541.22,-54.847183,-55.459274,,356.05,1701.6
1993,10,,,,67890.43,1905152.0,-46.925156,-46.826324,,356.05,1700.7
1993,11,,,,68917.14,4717056.0,-36.717087,-37.010086,,355.93,1696.44
1993,12,,,,68740.43,6071296.0,-28.598083,-29.716919,,355.74,1688.1
1994,1,,,,69410.59,5562880.0,-29.013412,-31.327713,,355.64,1678.94
1994,2,,,,68637.66,3102720.0,-40.789886,-40.850662,,355.67,1674.07
1994,3,,,,68139.37,430963.44,-48.959885,-49.141434,,355.78,1674.45
1994,4,,,,68818.414,8.639997e-11,-53.658417,-54.655853,,355.82,1678.96
1994,5,,,,68082.41,8.639997e-11,-52.501907,-53.282166,,355.85,1684.84
1994,6,,,,69712.64,8.639997e-11,-50.256348,-52.057495,,356.22,1691.86
1994,7,,,,68224.08,8.639997e-11,-56.290527,-57.86061,,356.65,1698.96
1994,8,,,,67725.75,8.639997e-11,-55.091934,-55.947174,,357.13,1704.03
1994,9,,,,68248.47,52220.016,-53.399628,-54.617294,,357.58,1707.57
1994,10,,,,68353.984,1941504.0,-47.7921,-47.87056,,357.66,1707.5
1994,11,,,,69108.94,4282368.0,-35.580826,-35.0773,,357.62,1703.44
1994,12,,,,68672.375,6490624.0,-29.669312,-32.07016,,357.59,1698.05
1995,1,,,,68726.89,5635584.0,-31.770233,-33.73651,,357.54,1689.29
1995,2,,,,68790.45,2890752.0,-37.34349,-37.556717,,357.51,1683.48
1995,3,,,,68802.24,503905.0,-46.822754,-47.56006,,357.55,1683.87
1995,4,,,,68266.22,8.639997e-11,-52.944443,-53.59305,,357.78,1688.02
1995,5,,,,67854.72,8.639997e-11,-52.237717,-53.26712,,357.96,1693.31
1995,6,,,,68774.72,8.639997e-11,-53.947403,-54.728317,,358.13,1698.39
1995,7,,,,69316.55,8.639997e-11,-51.22885,-53.009094,,358.52,1703.93
1995,8,,,,68327.63,8.639997e-11,-56.157547,-56.927658,,358.88,1708.45
1995,9,,,,67750.56,60836.26,-60.055496,-61.777878,,359.1,1712.47
1995,10,,,,68565.59,1803776.0,-46.28569,-46.709,,359.49,1713.8
1995,11,,,,68992.83,4927488.0,-36.611877,-37.870285,,359.64,1710.63
1995,12,,,,68948.57,6145536.0,-27.92752,-29.662018,,359.44,1703.02
1996,1,,,,69431.375,5489664.0,-29.184296,-31.059875,,359.47,1693.13
1996,2,,,,69461.125,2797568.0,-35.24196,-35.720657,,359.51,1686.23
1996,3,,,,68459.234,434300.94,-48.61995,-49.021286,,359.48,1684.44
1996,4,,,,68724.72,8.639997e-11,-50.04474,-50.593018,,359.45,1687.5
1996,5,,,,68385.14,8.639997e-11,-56.52231,-57.519974,,359.46,1693.57
1996,6,,,,68433.0,8.639997e-11,-54.785217,-54.644318,,359.64,1702.67
1996,7,,,,68184.33,8.639997e-11,-51.346207,-52.05681,,360.11,1708.45
1996,8,,,,69297.78,8.639997e-11,-49.621246,-50.192963,,360.6,1711.7
1996,9,,,,68789.55,70843.94,-54.905807,-55.28302,,360.76,1714.11
1996,10,,,,67857.18,1816064.0,-49.40181,-48.66278,,360.71,1714.43
1996,11,,,,69294.266,4783616.0,-34.386566,-35.31758,,360.62,1709.89
1996,12,,,,69541.7,6395392.0,-26.260971,-29.19812,,360.69,1700.36
1997,1,,,,69369.84,5510656.0,-28.442657,-30.920715,311.96,360.75,1693.51
1997,2,,,,68833.53,3104768.0,-40.25612,-40.834,311.91,360.74,1689.32
1997,3,,,,68037.766,496832.8,-49.192123,-49.60013,311.92,360.7,1689.42
1997,4,,,,68506.125,8.639997e-11,-51.976868,-52.320557,311.88,360.78,1694.63
1997,5,,,,67964.99,8.639997e-11,-53.36447,-53.298035,311.76,361.1,1700.97
1997,6,,,,68521.445,8.639997e-11,-52.318314,-53.028946,311.69,361.35,1709.12
1997,7,,,,67560.73,8.639997e-11,-60.925705,-61.451675,311.8,361.56,1715.13
1997,8,,,,67950.67,8.639997e-11,-54.978516,-55.58264,312.06,361.92,1719.78
1997,9,,,,68198.8,73560.81,-55.48297,-57.024826,312.24,362.23,1722.45
1997,10,,,,68259.125,2175488.0,-51.507492,-52.134384,312.35,362.34,1721.48
1997,11,,,,69764.5,4913152.0,-33.71579,-35.702576,312.56,362.43,1716.97
1997,12,,,,69269.516,6436352.0,-27.832596,-31.184113,312.7,362.43,1710.22
1998,1,,,,69155.59,5138432.0,-26.886597,-28.381454,312.6,362.41,1703.48
1998,2,,,,68963.04,2949632.0,-36.77397,-37.754425,312.42,362.58,1697.96
1998,3,,,,68490.16,406995.44,-47.060028,-46.49002,312.29,362.81,1697.05
1998,4,,,,67547.01,8.639997e-11,-56.456924,-56.80162,312.2,363.05,1700.05
1998,5,,,,68166.97,8.639997e-11,-53.153168,-53.894043,312.26,363.39,1705.77
1998,6,,,,68606.945,8.639997e-11,-52.27707,-52.727936,312.39,363.85,1715.02
1998,7,,,,68138.44,8.639997e-11,-53.77321,-53.72484,312.64,364.4,1722.66
1998,8,,,,67994.14,8.639997e-11,-57.85295,-57.791916,312.95,364.93,1728.31
1998,9,,,,68195.99,51833.83,-57.184494,-57.859985,313.04,365.24,1732.56
1998,10,,,,68263.14,1998848.0,-51.158234,-51.399277,313.06,365.31,1733.19
1998,11,,,,68407.2,4629504.0,-35.722336,-36.792892,313.24,365.29,1727.83
1998,12,,,,68907.59,6320128.0,-27.761108,-30.770203,313.42,365.3,1719.85
1999,1,,,,69657.44,5401600.0,-25.506287,-28.497452,313.48,365.29,1712.68
1999,2,,,,69140.766,3016704.0,-38.456024,-38.772186,313.49,365.21,1708.02
1999,3,,,,68780.92,482584.88,-48.64566,-48.308624,313.4,365.21,1708.09
1999,4,,,,67869.89,8.639997e-11,-52.34619,-52.939606,313.28,365.31,1711.5
1999,5,,,,68189.73,8.639997e-11,-51.88011,-51.717422,313.29,365.5,1718.47
1999,6,,,,69523.086,8.639997e-11,-53.40927,-53.641266,313.42,365.74,1727.42
1999,7,,,,68230.89,8.639997e-11,-57.137863,-57.571686,313.62,365.97,1733.85
1999,8,,,,68119.59,8.639997e-11,-52.682602,-53.09984,313.84,366.34,1738.55
1999,9,,,,68590.79,62504.99,-57.55597,-58.525253,314.03,366.68,1741.36
1999,10,,,,67808.766,1879552.0,-48.032806,-47.780853,314.19,366.82,1740.3
1999,11,,,,68586.08,4813824.0,-37.32852,-38.86281,314.29,366.9,1735.38
1999,12,,,,68494.31,6246912.0,-30.08197,-32.536667,314.34,366.82,1727.99
2000,1,,,,68721.836,5535232.0,-29.399887,-31.821747,314.3,366.69,1719.61
2000,2,,,,68655.05,2805760.0,-39.71759,-38.784103,314.24,366.52,1713.49
2000,3,,,,68793.086,461511.06,-52.14566,-52.250427,314.13,366.36,1711.33
2000,4,,,,68665.32,8.639997e-11,-56.058548,-55.805435,313.97,366.38,1715.04
2000,5,,,,68335.625,8.639997e-11,-54.091507,-54.18802,313.96,366.55,1722.6
2000,6,,,,68833.34,8.639997e-11,-54.82396,-54.619095,314.25,366.77,1729.08
2000,7,,,,68413.31,8.639997e-11,-56.672028,-56.293594,314.55,367.11,1735.06
2000,8,,,,68357.47,8.639997e-11,-55.563477,-55.58571,314.67,367.57,1740.1
2000,9,,,,68598.016,66286.69,-55.72676,-55.940536,314.87,367.79,1742.0
2000,10,,,,67938.766,1762816.0,-47.315704,-46.00679,315.09,367.87,1740.74
2000,11,,,,69377.86,4553728.0,-32.26999,-33.44348,315.24,367.96,1735.55
2000,12,,,,69756.78,6534144.0,-27.259872,-31.29103,315.34,367.97,1726.73
2001,1,,,,69346.7,5435904.0,-28.050934,-31.070602,315.31,367.91,1716.91
2001,2,,,,69470.17,2935808.0,-37.346436,-37.954193,315.05,368.08000000000004,1710.71
2001,3,,,,68548.64,465059.75,-51.403625,-50.114807,314.71,368.25,1709.77
2001,4,,,,68275.83,8.639997e-11,-55.56433,-55.23056,314.6,368.42,1713.28
2001,5,,,,68756.1,8.639997e-11,-52.84935,-52.70746,314.73,368.59000000000003,1721.23
2001,6,,,,68645.81,8.639997e-11,-52.32187,-52.155212,314.97,368.76,1729.08
2001,7,,,,68647.414,8.639997e-11,-54.3925,-54.83441,315.19,368.93,1734.9
2001,8,,,,67699.88,8.639997e-11,-57.756027,-58.057755,315.45,369.34,1739.32
2001,9,,,,68429.22,65019.727,-52.977386,-53.322723,315.65,369.67,1741.24
2001,10,,,,67978.58,1973248.0,-49.4673,-50.011322,315.84,370.0,1739.84
2001,11,,,,68772.11,4616192.0,-32.89113,-33.890564,316.04,370.02,1734.48
2001,12,,,,68979.516,6370304.0,-25.962753,-29.388596,316.09,369.82,1724.97
2002,1,,,,69294.266,5439488.0,-25.721283,-28.601288,315.99,369.63,1716.53
2002,2,,,,68734.875,3158528.0,-38.897064,-39.86316,315.85,369.56,1712.37
2002,3,,,,69133.94,438956.0,-45.928513,-45.570724,315.56,369.63,1712.49
2002,4,366.37,-570.41,720.14,68592.305,8.639997e-11,-47.86229,-47.192337,315.22,369.8,1717.11
2002,5,491.92264,-548.5349,770.303,69385.19,8.639997e-11,-51.966995,-52.593185,315.18,370.09,1724.27
2002,6,492.48856666666666,-523.13962,763.4214,68488.91,8.639997e-11,-55.12166,-55.741074,315.38,370.49,1732.06
2002,7,493.05449333333337,-497.74434,756.5398,68739.35,8.639997e-11,-50.419617,-50.74327,315.56,371.02,1737.32
2002,8,493.62042,-472.34906,749.6582,67653.94,8.639997e-11,-51.15561,-51.2305,315.84,371.57,1741.35
2002,9,597.09717,-398.94714,790.44763,68635.336,67398.44,-53.383728,-54.02124,316.09,371.94,1744.09
2002,10,588.64,-421.69,801.4,69211.25,1958400.0,-46.972702,-48.18007,316.16,372.18,1742.54
2002,11,422.14917,-564.87335,764.9225,68538.69,4661248.0,-36.794434,-36.926193,316.28,372.14,1737.97
2002,12,496.99246,-489.31836,752.6894,68739.91,6273024.0,-29.93129,-32.14894,316.34,372.03,1730.13
2003,1,416.25836,-529.80774,722.0071,69954.31,5697024.0,-27.753845,-30.751862,316.2,372.15,1719.39
2003,2,335.63333,-564.437,692.0237,69505.32,3257344.0,-38.909912,-40.730057,316.09,372.25,1713.16
2003,3,392.35144,-500.71036,699.9212,68608.92,457899.25,-48.567932,-49.13748,316.12,372.29,1714.09
2003,4,537.13745,-424.49057,770.125,68309.14,8.639997e-11,-51.65248,-51.996277,316.18,372.41,1716.72
2003,5,554.3638,-398.63437,778.05914,68698.234,8.639997e-11,-53.813858,-53.88115,316.29,372.73,1721.24
2003,6,550.8733,-392.461185,764.698395,68970.664,8.639997e-11,-58.297318,-59.522186,316.46,373.08,1729.78
2003,7,547.3828,-386.288,751.33765,68339.7,8.639997e-11,-57.40393,-58.532364,316.62,373.42,1736.91
2003,8,591.4958,-333.008,728.8435,67894.586,8.639997e-11,-51.258163,-51.81758,316.89,373.88,1741.96
2003,9,483.9643,-435.3095,715.2619,68402.11,63445.52,-54.77617,-56.579163,317.12,374.22,1744.23
2003,10,565.25,-411.5,751.5,68357.19,1975808.0,-47.832336,-48.44287,317.13,374.21,1742.83
2003,11,474.29166,-435.2925,717.6125,68625.89,4904960.0,-36.8322,-38.180145,317.09,374.14,1737.39
2003,12,262.46835,-565.3562,639.08276,70118.64,6282752.0,-25.694473,-28.559998,317.18,374.16,1729.31
2004,1,211.762,-616.8289,625.2965,69157.95,5664256.0,-27.626389,-30.59137,317.21,374.07,1720.98
2004,2,97.96592,-621.4631,588.1314,69529.56,3126784.0,-36.532837,-38.042892,317.01,373.93,1713.43
2004,3,343.20132,-482.16794,635.56915,68260.11,488606.88,-50.329773,-50.210953,316.86,373.94,1711.77
2004,4,168.57,-559.98,604.08,68684.61,8.639997e-11,-50.60173,-50.11302,316.87,374.11,1714.65
2004,5,387.28674,-407.62396,642.8547,68442.945,8.639997e-11,-53.4142,-53.042923,316.86,374.39,1721.06
2004,6,399.49072,-405.92392,665.23926,68035.02,8.639997e-11,-56.426483,-56.42502,316.81,374.76,1728.9
2004,7,366.70975,-472.16202,675.3536,67056.305,8.639997e-11,-59.07628,-59.9227,316.99,375.19,1734.96
2004,8,487.5376,-400.6147,681.8112,67850.54,8.639997e-11,-55.529816,-56.951385,317.27,375.69,1740.27
2004,9,389.29047,-402.28214,628.0418,68415.2,69546.625,-48.9991,-50.39412,317.4,375.95,1742.92
2004,10,559.7286,-291.25357,653.78467,68456.33,2073088.0,-46.704773,-47.326767,317.55,375.96,1741.45
2004,11,415.16382,-423.87332,644.14954,68799.125,5012992.0,-37.60872,-39.676697,317.79,375.85,1736.49
2004,12,312.24,-526.74,620.94,69791.72,6518272.0,-25.968307,-29.96669,317.88,375.79,1728.23
2005,1,266.80585,-523.54,619.6619,69700.74,5645312.0,-26.339264,-30.215683,317.59,375.72,1718.01
2005,2,148.93964,-600.10223,577.36554,68721.375,3035648.0,-38.0551,-38.975693,317.19,375.5,1712.23
2005,3,237.7218,-509.00278,567.8652,68846.86,459624.5,-47.763336,-47.301193,316.99,375.52,1710.82
2005,4,380.98715,-373.33,576.6643,68392.21,8.639997e-11,-50.114883,-49.938507,317.05,375.83,1713.0
2005,5,371.31094,-392.26334,600.77856,68570.266,8.639997e-11,-54.506775,-53.31955,317.18,376.25,1719.7
2005,6,397.66495,-372.2776,617.96204,68939.125,8.639997e-11,-54.503967,-55.06613,317.41,376.8,1726.99
2005,7,437.11728,-354.9532,632.3133,68131.69,8.639997e-11,-57.585876,-58.178772,317.67,377.29,1733.6
2005,8,433.40906,-318.68024,606.04504,67810.59,8.639997e-11,-54.43773,-54.401657,317.85,377.73,1739.25
2005,9,471.5881,-288.71335,652.0952,68274.92,71370.81,-49.24675,-49.48076,318.08,378.05,1740.96
2005,10,550.35,-273.38,681.8,68263.05,1954816.0,-45.293518,-45.22409,318.32,378.15,1739.33
2005,11,645.35333,-251.02667,721.86664,68701.91,4955136.0,-37.27437,-38.870117,318.44,378.1,1734.67
2005,12,525.48615,-354.25424,693.5222,70295.87,6382080.0,-24.897156,-28.43248,318.48,378.09,1727.09
2006,1,402.1826,-406.3672,657.3152,69458.28,5313536.0,-26.96222,-29.39473,318.56,378.01,1717.8
2006,2,279.40372,-469.44406,613.7026,69083.03,3133440.0,-40.77072,-41.22534,318.67,377.91,1711.47
2006,3,412.74216,-350.90927,600.0512,68745.05,484880.7,-50.137344,-51.382507,318.58,378.03,1710.22
2006,4,447.6907,-347.3807,619.4325,68764.64,8.639997e-11,-50.330124,-51.437714,318.32,378.24,1712.98
2006,5,660.2431,-171.39977,649.8992,67804.39,8.639997e-11,-50.08162,-51.022186,318.35,378.48,1719.27
2006,6,534.7014,-238.6182,631.16504,68441.03,8.639997e-11,-51.624985,-53.36467,318.71,378.72,1725.39
2006,7,565.3828,-206.23447,611.8694,67713.586,8.639997e-11,-58.9225,-60.5401,318.94,379.09,1731.02
2006,8,599.89575,-191.21329,610.6459,69232.59,8.639997e-11,-54.250732,-56.180145,319.04,379.5,1737.07
2006,9,617.6995,-182.68715,615.04236,68462.05,79518.25,-56.801697,-58.36493,319.39,379.73,1740.37
2006,10,585.49,-207.23,591.89,67720.88,2032128.0,-51.842133,-51.88852,319.68,379.85,1739.16
2006,11,479.5225,-278.6075,557.7133,68780.67,4903936.0,-35.887207,-37.579163,319.65,379.87,1732.87
2006,12,425.6213,-284.63223,523.658,68916.52,6214656.0,-28.665771,-31.125015,319.53,379.82,1724.88
2007,1,210.72247,-428.42517,485.738,69702.984,5557248.0,-26.862564,-29.516663,319.5,379.81,1717.47
2007,2,187.176,-412.39325,463.36926,68757.164,3005952.0,-39.710052,-39.90619,319.4,379.83,1712.63
2007,3,236.48723,-344.7523,474.42578,68832.06,473988.56,-51.901657,-52.33194,319.18,379.87,1712.24
2007,4,345.7818,-259.89822,484.1818,68719.06,8.639997e-11,-56.575974,-57.775894,318.98,380.1,1717.66
2007,5,424.2294,-210.51726,516.4961,69120.875,8.639997e-11,-49.752014,-51.23398,319.01,380.48,1727.06
2007,6,410.353,-173.7106,518.5636,69062.92,8.639997e-11,-48.72371,-48.563416,319.27,380.83,1734.46
2007,7,416.6273,-210.22023,535.88,69517.92,8.639997e-11,-52.94998,-53.468567,319.42,381.24,1740.12
2007,8,416.11905,-203.82965,539.88,68178.125,8.639997e-11,-54.86409,-56.714478,319.5,381.7,1745.45
2007,9,451.2219,-201.8781,549.0819,68438.5,73532.44,-55.555344,-56.991547,319.84,382.03,1748.22
2007,10,419.66,-215.84,521.52,68339.336,1893888.0,-47.303818,-47.91603,320.25,382.14,1747.46
2007,11,285.13416,-269.82916,465.55,68889.58,4897792.0,-36.7406,-38.248413,320.52,382.16,1743.02
2007,12,129.7206,-352.54413,417.3228,68831.875,6238720.0,-28.038055,-30.89972,320.6,382.16,1735.26
2008,1,-3.0634975,-446.5206,401.39813,69005.79,5607424.0,-30.355911,-32.656006,320.43,382.07,1727.26
2008,2,66.10688,-404.0449,406.44098,68557.56,2992128.0,-39.375366,-40.017807,320.15,382.08,1723.03
2008,3,-30.665903,-458.4859,375.6741,68871.3,496030.94,-49.30133,-49.997925,320.04,382.2,1724.03
2008,4,119.71,-347.71,372.05,69016.0,8.639997e-11,-50.65338,-51.60443,320.03,382.29,1729.24
2008,5,243.21614,-232.68964,394.0059,68685.97,8.639997e-11,-53.09886,-52.74228,320.01,382.38,1734.87
2008,6,264.064,-237.19107,424.3925,68412.89,8.639997e-11,-56.768753,-58.088104,320.12,382.64,1741.31
2008,7,88.970665,-347.0863,407.92584,68189.44,8.639997e-11,-52.775467,-53.408783,320.41,383.16,1747.88
2008,8,126.80518,-380.70374,417.7805,67682.47,8.639997e-11,-54.81421,-55.058456,320.65,383.62,1752.66
2008,9,254.82108,-251.13608,448.46048,68358.766,77117.75,-51.414627,-51.704315,320.72,383.86,1754.56
2008,10,202.10678,-323.6218,437.29858,68065.31,1925120.0,-48.159836,-47.906967,320.91,383.98,1753.27
2008,11,252.35333,-264.08524,419.15808,68428.84,4888576.0,-36.71196,-38.311157,321.35,383.94,1748.14
2008,12,166.42,-298.99,369.92,68938.54,6278144.0,-26.542694,-30.250534,321.61,383.88,1740.02
2009,1,20.600489,-400.33633,327.70535,68969.32,5338112.0,-25.95964,-28.353485,321.47,383.79,1731.72
2009,2,119.84278,-246.06111,303.2115,68735.7,3141632.0,-39.719147,-40.652817,321.12,383.54,1725.8
2009,3,182.10144,-166.58975,281.5706,68501.41,429277.5,-47.829483,-47.590164,320.89,383.51,1725.33
2009,4,178.65036,-157.1425,276.86285,68819.47,8.639997e-11,-54.919342,-55.48593,320.85,383.69,1730.09
2009,5,270.92654,-117.47583,298.27237,69014.15,8.639997e-11,-47.44452,-48.073578,320.99,383.84,1737.19
2009,6,201.857,-87.06854,255.143,69054.86,8.639997e-11,-50.5683,-50.964996,321.1,384.13,1744.37
2009,7,214.32059,-16.44547,201.02718,68508.234,8.639997e-11,-53.561844,-54.305862,321.17,384.57,1750.28
2009,8,215.54411,63.215706,156.11424,68365.164,8.639997e-11,-56.24034,-57.051117,321.39,384.92,1756.13
2009,9,272.6838,73.93985,184.03,68405.21,66826.56,-52.825104,-52.614212,321.63,385.19,1760.07
2009,10,162.16,8.3368,160.23,68115.19,1949184.0,-48.00255,-47.859695,321.81,385.45,1759.21
2009,11,252.84459,58.62275,168.5225,69351.164,4864512.0,-34.77043,-36.39789,321.87,385.49,1753.24
2009,12,52.372353,-75.50247,114.46642,68999.875,6409728.0,-27.632278,-31.381561,321.88,385.43,1744.6
2010,1,-146.89824,-190.76836,45.037716,69891.875,5526528.0,-25.431229,-29.058594,321.95,385.37,1735.81
2010,2,-2.824311,-14.807748,34.29926,69384.875,2983936.0,-36.360947,-37.513824,322.02,385.16,1730.92
2010,3,135.09204,65.49295,79.15394,68920.14,441197.2,-46.209244,-45.522446,321.99,385.03,1732.05
2010,4,169.218,41.589073,86.56679,68491.56,8.639997e-11,-58.324493,-58.104218,321.95,385.12,1735.91
2010,5,-6.302,-29.79569,16.987738,68571.03,8.639997e-11,-49.1008,-49.16205,322.01,385.38,1741.88
2010,6,-5.9592857,-20.743698,-6.4408193,68061.63,8.639997e-11,-55.21469,-55.15956,322.11,385.92,1749.79
2010,7,-99.982346,-56.14505,-41.406963,67299.06,8.639997e-11,-55.541718,-55.370407,322.34,386.58,1756.76
2010,8,-11.676278,6.4928775,-11.205553,67869.72,8.639997e-11,-54.157074,-54.02513,322.65,387.27,1763.05
2010,9,82.484146,40.70719,26.657309,68023.625,68787.94,-57.252228,-57.36908,322.79,387.6,1766.56
2010,10,-20.613,-33.329,6.7035,68208.0,1822208.0,-45.97238,-45.88826,322.9,387.66,1765.61
2010,11,-126.29013,-76.91455,-67.04462,68391.2,4820992.0,-36.071777,-37.77536,323.17,387.68,1760.01
2010,12,-134.59142,-87.200066,-92.47077,69691.16,6170112.0,-26.151031,-29.332413,323.29,387.59,1752.12
2011,1,-158.87472,-46.53185435,-134.9908,69506.53,5558784.0,-25.809067,-29.341904,322.95,387.49,1744.15
2011,2,-183.15802,-5.8636427,-177.51083,69103.58,3067904.0,-35.494354,-37.007675,322.65,387.3,1739.23
2011,3,-230.84302,-17.622759,-194.91264,68821.875,491073.8,-51.637146,-51.57289,322.59,387.16,1738.78
2011,4,-125.92118,56.73082,-205.21465,68786.06,8.639997e-11,-53.786453,-53.42369,322.55,387.28,1742.89
2011,5,-95.552605,131.1794,-239.47179,68243.22,8.639997e-11,-58.008804,-57.86322,322.54,387.48,1750.25
2011,6,-85.727215,163.74057,-242.17095999999998,68832.336,8.639997e-11,-56.940918,-57.21254,322.69,387.76,1758.04
2011,7,-75.901825,196.30174,-244.87013,69052.3,8.639997e-11,-54.421677,-53.989563,322.87,388.2,1765.41
2011,8,-152.20007,146.61925,-247.17137,69165.39,8.639997e-11,-53.180542,-54.012527,322.98,388.71,1771.03
2011,9,-65.67505,196.85762,-229.75952,68364.19,53271.46,-55.563446,-55.89781,323.16,389.07,1773.17
2011,10,-12.35536585,266.624635,-228.564635,68575.516,1890816.0,-45.844833,-46.38565,323.45,389.25,1771.72
2011,11,-61.594980424999996,245.3156525,-274.7232525,69482.34,5022720.0,-33.198364,-35.65335,323.7,389.36,1766.05
2011,12,-110.834595,224.00667,-320.88187,68672.22,6152704.0,-26.996933,-29.9906,323.83,389.4,1757.6
2012,1,-28.699408,312.17334,-304.17816,68547.25,5666816.0,-28.532532,-32.17502,323.7,389.09,1748.98
2012,2,-154.84573,212.21768,-320.08255,69004.44,3061760.0,-38.545227,-39.412003,323.49,388.7,1744.29
2012,3,-192.517,220.822,-345.4066,68705.41,383103.5,-47.81259,-46.918045,323.4,388.8,1743.47
2012,4,-203.4765,219.1178,-350.2009,68351.52,8.639997e-11,-56.13568,-55.76436,323.43,389.11,1747.08
2012,5,-161.9484475,235.632295,-333.96777499999996,68482.83,8.639997e-11,-55.2173,-54.824905,323.48,389.38,1754.73
2012,6,-120.420395,252.14679,-317.73465,68692.64,8.639997e-11,-53.02339,-53.331146,323.61,389.76,1761.31
2012,7,-30.564203,331.26108,-290.9251,68070.12,8.639997e-11,-56.44258,-56.20439,323.86,390.46,1768.12
2012,8,-72.98558,347.54843,-343.96,68086.41,8.639997e-11,-59.139435,-59.32573,324.19,391.13,1774.22
2012,9,-104.98571,387.9458,-393.135,68185.39,68473.56,-57.069565,-56.68483,324.38,391.43,1776.98
2012,10,-192.289155,321.18776,-421.08331,68204.77,2035712.0,-48.233765,-48.383484,324.44,391.51,1776.47
2012,11,-279.5926,254.42972,-449.03162,69248.016,4972032.0,-34.438812,-36.30394,324.46,391.54,1772.52
2012,12,-130.41,386.08,-420.87,69455.08,6237696.0,-25.437607,-28.72496,324.45,391.55,1763.26
2013,1,-370.64413,238.34341,-483.90414,69321.92,5533696.0,-26.976654,-30.098175,324.47,391.57,1753.55
2013,2,-442.57,238.14,-537.22,68433.914,3081216.0,-41.33632,-41.883987,324.43,391.53,1748.79
2013,3,-369.91364999999996,267.67591,-510.33436500000005,68309.91,425472.2,-48.043304,-48.168472,324.37,391.56,1748.03
2013,4,-297.2573,297.21182,-483.44873,68281.445,8.639997e-11,-51.92906,-51.21788,324.45,391.92,1752.11
2013,5,-353.9073,225.69128,-496.94016,68233.99,8.639997e-11,-58.95822,-59.195374,324.57,392.43,1759.05
2013,6,-431.02386,199.73952,-539.2119,69085.28,8.639997e-11,-47.905365,-48.14543,324.63,392.86,1767.8
2013,7,-254.4923,417.6257,-559.77216,68086.266,8.639997e-11,-53.115112,-52.95363,324.86,393.42,1774.44
2013,8,-300.00486666666666,409.53046666666665,-583.1947733333333,68990.0,8.639997e-11,-49.797302,-49.886307,325.25,393.98,1779.27
2013,9,-345.5174333333333,401.4352333333333,-606.6173866666667,69129.08,73704.875,-48.508057,-49.305695,325.48,394.26,1782.83
2013,10,-391.03,393.34,-630.04,68614.414,2102272.0,-48.257553,-49.6118,325.52,394.27,1781.23
2013,11,-360.27,415.99335,-633.9658,68733.89,4816384.0,-33.32463,-35.098114,325.6,394.2,1775.54
2013,12,-553.78876,305.50723,-680.8483,69016.9,6350848.0,-26.255753,-29.99791,325.69,394.21,1765.66
2014,1,-723.76416,207.05185,-735.01447,69508.53,5665792.0,-27.136475,-30.899109,325.63,394.15,1756.19
2014,2,-671.5445299999999,253.335175,-758.0620349999999,68763.53,3222528.0,-41.37224,-42.603653,325.48,394.0,1751.77
2014,3,-619.3249,299.6185,-781.1096,68389.86,461745.5,-51.76088,-51.6615,325.44,393.91,1752.77
2014,4,-572.2657,284.83823,-728.0993,68343.734,8.639997e-11,-49.603653,-48.944336,325.5,394.04,1758.66
2014,5,-525.48474,302.3906,-690.4802,69162.14,8.639997e-11,-50.48665,-50.490448,325.61,394.43,1766.21
2014,6,-559.1202,319.89102,-715.0156,68579.36,8.639997e-11,-50.685913,-50.482483,325.78,394.82,1775.74
2014,7,-547.4363,339.88763500000005,-732.9856749999999,67861.945,8.639997e-11,-56.499527,-56.047165,326.02,395.26,1784.53
2014,8,-535.7524,359.88425,-750.95575,68305.7,8.639997e-11,-55.532852,-56.1595,326.24,395.75,1790.37
2014,9,-411.19144,409.33047,-680.2048,69069.125,60142.074,-53.87152,-54.058945,326.43,396.09,1792.68
2014,10,-441.82,351.34,-676.7,68247.766,1976320.0,-48.459946,-48.87819,326.64,396.2,1791.86
2014,11,-541.41614,312.57327,-709.10535,68681.32,5118464.0,-36.334732,-39.07785,326.78,396.16,1787.25
2014,12,-654.39387,256.01859,-754.580475,68805.945,6258176.0,-26.929276,-30.312775,326.89,396.11,1778.8
2015,1,-767.3716,199.46391,-800.0556,69211.734,5586944.0,-29.059113,-31.486313,327.01,396.07,1770.77
2015,2,-844.2653,112.69828,-802.1931,68678.05,3098624.0,-39.62593,-40.055054,326.95,395.99,1765.63
2015,3,-777.52,199.46301,-824.3671,68273.33,453091.2,-47.855072,-48.52716,326.83,396.05,1765.83
2015,4,-747.6103,270.16898000000003,-853.633545,68080.375,8.639997e-11,-48.817795,-50.158463,326.78,396.4,1771.08
2015,5,-729.6203866666667,302.45686,-860.98582,68235.44,8.639997e-11,-53.045547,-53.719437,326.8,396.83,1778.6
2015,6,-711.6304733333334,334.74474000000004,-868.3380950000001,68426.25,8.639997e-11,-52.525177,-53.61873,326.9,397.22,1786.24
2015,7,-693.64056,367.03262,-875.69037,67570.66,8.639997e-11,-58.00058,-58.765945,327.13,397.66,1792.95
2015,8,-717.64966,313.31442,-872.3358,67707.64,8.639997e-11,-55.70311,-57.093246,327.36,398.25,1799.68
2015,9,-656.54065,385.73657,-899.9592,67556.36,53862.695,-55.340622,-55.63559,327.55,398.7,1802.68
2015,10,-724.7286,347.27317999999997,-917.4306666666666,68646.17,1826304.0,-44.16266,-44.059692,327.7,398.78,1801.43
2015,11,-792.91655,308.80979,-934.9021333333334,68634.25,4463104.0,-33.93599,-34.469833,327.79,398.84,1795.81
2015,12,-861.1045,270.3464,-952.3736,69197.63,6198784.0,-27.57724,-29.631668,327.94,398.86,1787.25
2016,1,-910.3582,213.54343,-937.1766,68781.016,5692416.0,-29.794098,-32.317657,327.94,398.86,1779.55
2016,2,-791.25,264.57,-913.38,68929.99,3116032.0,-39.783447,-40.54785,327.65,399.06,1774.89
2016,3,-781.0604,336.62848,-949.0165,68063.13,438958.7,-50.278442,-50.513885,327.33,399.25,1774.24
2016,4,-872.589985,240.535005,-960.25,68260.53,8.639997e-11,-49.864548,-49.92987,327.26,399.55,1778.16
2016,5,-964.11957,144.44153,-971.4835,68436.94,8.639997e-11,-53.203903,-53.66646,327.25,400.18,1785.98
2016,6,-635.0822,380.64703,-894.89294,67811.81,8.639997e-11,-51.59807,-51.560852,327.25,400.69,1793.52
2016,7,-486.7515,516.03436,-889.39813,67970.14,8.639997e-11,-57.437195,-58.401962,327.41,401.18,1800.49
2016,8,-619.8795,451.0366,-948.269,68841.39,8.639997e-11,-52.510513,-53.73076,327.7,401.64,1805.54
2016,9,-699.2978666666667,373.87539333333336,-953.5966333333333,67632.3,82254.81,-55.484543,-55.70604,328.01,401.87,1807.36
2016,10,-778.7162333333333,296.7141866666667,-958.9242666666667,68192.55,2057728.0,-48.142487,-48.490036,328.12,401.95,1806.11
2016,11,-858.1346,219.55298,-964.2519,69402.47,4743168.0,-33.258163,-34.3947,328.05,401.79,1800.16
2016,12,-853.3954,216.50703,-970.6181,69601.44,6190080.0,-25.723465,-28.520523,328.03,401.63,1791.53
2017,1,-977.5461,150.80302,-1033.2106,69796.47,5395456.0,-27.192108,-29.292755,328.04,401.56,1782.0
2017,2,-909.72745,192.15406166666668,-1011.1191833333334,69181.47,3002880.0,-36.924408,-37.723022,327.92,401.45,1776.65
2017,3,-841.9088,233.50510333333335,-989.0277666666667,68920.92,457937.56,-47.501205,-47.42137,327.68,401.36,1776.88
2017,4,-774.09015,274.856145,-966.93635,68437.21,8.639997e-11,-52.56006,-52.990295,327.59,401.47,1781.79
2017,5,-644.6452,427.0182,-971.9796,68496.695,8.639997e-11,-52.1575,-52.83362,327.78,401.91,1789.86
2017,6,-465.45657,493.3399,-892.7562,68406.375,8.639997e-11,-52.70175,-53.133163,328.18,402.32,1797.61
2017,7,-496.34076416666664,498.88522916666665,-922.37715,68076.33,8.639997e-11,-54.41765,-55.533875,328.5,402.79,1806.78
2017,8,-527.2249583333333,504.43055833333335,-951.9981,67899.11,8.639997e-11,-55.77423,-57.044983,328.69,403.44,1813.98
2017,9,-558.1091525,509.9758875,-981.61905,67845.69,54839.703,-53.13652,-54.43878,328.96,403.83,1816.5
2017,10,-588.9933466666666,515.5212166666666,-1011.24,68974.66,1931264.0,-43.791397,-44.136993,329.22,403.92,1816.32
2017,11,-619.8775408333333,521.0665458333334,-1040.86095,68582.6,4659200.0,-35.463257,-36.068665,329.25,403.91,1811.68
2017,12,-650.761735,526.611875,-1070.4819,69037.664,6370304.0,-29.148941,-31.131577,329.18,403.93,1802.04
2018,1,-681.6459291666667,532.1572041666667,-1100.10285,69167.5,5480960.0,-27.311035,-28.849442,329.34,403.94,1791.82
2018,2,-712.5301233333333,537.7025333333333,-1129.7238,68536.336,3152384.0,-38.290054,-39.228363,329.51,403.88,1787.78
2018,3,-743.4143175,543.2478625,-1159.34475,69108.39,428306.0,-45.635513,-46.631775,329.34,403.98,1789.42
2018,4,-774.2985116666666,548.7931916666668,-1188.9657,68792.875,8.639997e-11,-52.57431,-53.8844,329.18,404.24,1795.61
2018,5,-805.1827058333333,554.3385208333334,-1218.58665,68662.805,8.639997e-11,-46.45865,-47.338165,329.41,404.57,1804.55
2018,6,-836.0669,559.88385,-1248.2076,68987.39,8.639997e-11,-45.32036,-45.893585,329.78,404.93,1812.25
2018,7,-818.63,628.69,-1296.3,68180.33,8.639997e-11,-54.214584,-55.94783,330.0,405.36,1820.11
2018,8,-849.3608766666666,595.6167,-1286.8305333333333,68884.22,8.639997e-11,-52.5766,-53.98439,330.18,405.85,1826.6
2018,9,-880.0917533333334,562.5434,-1277.3610666666666,67673.42,55046.395,-56.891876,-58.657288,330.36,406.17,1829.04
2018,10,-910.82263,529.4701,-1267.8916,68460.94,1831936.0,-43.162888,-43.272232,330.47,406.35,1826.83
2018,11,-876.82166,530.62,-1278.7084,68552.06,4737536.0,-36.911682,-37.429733,330.55,406.44,1820.78
2018,12,-1100.4106,418.45294,-1354.7717,69401.56,5970944.0,-23.823715,-25.31961,330.71,406.41,1810.86
2019,1,-1236.693,343.0647,-1386.0188,68965.05,5414400.0,-27.50595,-29.283752,330.77,406.2,1801.78
2019,2,-1304.3583,285.11014,-1390.9126,69293.93,3036672.0,-35.009033,-36.034805,330.64,406.11,1798.12
2019,3,-1053.4807,433.6188,-1333.8301,68706.86,453637.8,-45.972046,-46.121155,330.49,406.04,1798.55
2019,4,-1026.6721,482.1557,-1358.9536,68626.3,8.639997e-11,-51.916016,-51.87477,330.36,406.25,1802.28
2019,5,-865.92926,640.70807,-1368.3822,69082.734,8.639997e-11,-52.01677,-51.995163,330.29,406.81,1807.36
2019,6,-843.1458,654.67444,-1362.847,67667.375,8.639997e-11,-55.040497,-55.402847,330.44,407.28,1815.32
2019,7,-799.89484,669.4781,-1296.813,68592.42,8.639997e-11,-53.544296,-53.99063,330.7,407.92,1824.54
2019,8,-944.4878,566.2028,-1309.3306,68272.41,8.639997e-11,-56.112015,-56.551132,330.95,408.53,1830.53
2019,9,-946.63336,542.25525,-1296.762,67839.22,72230.375,-54.53441,-54.22641,331.16,408.84,1833.53
2019,10,-1004.7,538.56,-1348.0,68522.7,1937920.0,-47.208755,-47.012817,331.33,409.0,1832.94
2019,11,-1146.5583,481.29584,-1400.4333,69602.68,4849152.0,-34.633743,-35.860504,331.4,409.13,1828.46
2019,12,-1200.7435,345.3947,-1375.9165,69798.17,6109696.0,-26.089859,-27.930527,331.4,409.15,1818.83
2020,1,-1367.2377,248.45354,-1387.0223,69449.94,5575168.0,-28.105179,-30.187256,331.36,408.89,1808.99
2020,2,-1440.5658,219.77098,-1443.05,68946.625,3143680.0,-38.843246,-39.826767,331.31,408.53,1804.01
2020,3,-1305.8795,363.14746,-1454.5891,68186.75,346430.62,-45.27649,-45.26291,331.27,408.48,1803.8
2020,4,-1260.0,403.88,-1454.3,68618.016,8.639997e-11,-49.389175,-49.308807,331.21,408.9,1808.02
2020,5,-1159.6903,488.23422,-1415.047,68322.86,8.639997e-11,-50.27301,-50.588196,331.23,409.29,1815.47
2020,6,-1098.66,494.55823,-1349.4214,68403.36,8.639997e-11,-49.604126,-50.088028,331.43,409.68,1824.93
2020,7,-980.26,562.5106,-1328.6595,68239.55,8.639997e-11,-54.50035,-55.26622,331.74,410.2,1832.67
2020,8,-897.8099,647.3925,-1331.3,68672.36,8.639997e-11,-58.35202,-59.480774,332.01,410.68,1839.18
2020,9,-1003.58215,625.60834,-1410.8309,68288.484,86408.44,-54.612366,-55.18158,332.2,411.03,1842.92
2020,10,-1202.1536,506.275,-1453.3071,67950.61,2063872.0,-50.33255,-50.489716,332.42,411.2,1842.39
2020,11,-1232.4143,413.82382,-1434.238,68546.055,4587008.0,-32.081253,-32.533615,332.62,411.38,1837.05
2020,12,-1184.7,435.3,-1419.0,68787.625,5947904.0,-25.69661,-27.239502,332.76,411.4,1827.98
2021,1,-1422.5537,307.40732,-1501.6342,68943.414,5655040.0,-29.043259,-31.799301,332.82,411.19,1819.81
2021,2,-1295.9,434.87445,-1539.4259,68546.91,3019264.0,-40.321762,-40.36685,332.79,411.02,1816.23
2021,3,-1398.7831,414.4159,-1593.2253,68920.375,444120.12,-45.87387,-46.138,332.73,410.83,1817.83
2021,4,-1062.6964,645.10034,-1519.1322,67793.81,8.639997e-11,-52.990005,-52.893356,332.69,410.97,1822.67
2021,5,-1003.9345,651.77655,-1485.3226,68388.91,8.639997e-11,-51.62039,-51.9281,332.77,411.37,1830.9
2021,6,-1181.5795,498.4152,-1523.6542,68364.11,8.639997e-11,-59.45456,-59.465347,332.92,411.69,1840.08
2021,7,-1319.6388,452.64142,-1595.8458,68763.484,8.639997e-11,-54.967896,-56.00917,333.15,412.13,1847.44
2021,8,-1301.1918,527.8979,-1641.6812,67964.94,8.639997e-11,-58.672348,-59.4243,333.4,412.68,1854.71
2021,9,-1243.4238,520.81903,-1620.9952,67916.01,68567.56,-56.512527,-57.47412,333.65,413.09,1859.35
2021,10,-1123.9,655.8,-1582.9,68391.42,2187264.0,-51.983475,-52.67079,333.87,413.35,1859.49
2021,11,-1252.225,558.8725,-1634.3583,68406.17,4852224.0,-36.81143,-38.04117,334.08,413.4,1854.29
2021,12,-1170.8341,661.012,-1696.4412,68595.41,5960704.0,-25.875946,-27.320724,334.32,413.2,1846.56
2022,1,-1310.4106,614.932,-1780.2059,69163.09,5113856.0,-26.799622,-27.460663,334.42,413.17,1838.99
2022,2,-1326.9,578.4585,-1737.6185,68979.72,3170816.0,-38.073242,-38.526764,334.35,413.25,1835.04
2022,3,-1167.9814,655.97,-1687.353,68567.03,502436.88,-51.487396,-51.030945,334.23,413.22,1836.51
2022,4,-944.6132,844.005,-1651.9607,68346.23,8.639997e-11,-53.21765,-53.264374,334.18,413.34,1841.21
2022,5,-778.0323,991.87164,-1648.2465,68771.47,8.639997e-11,-54.11046,-53.994995,334.22,413.79,1849.62
2022,6,-770.4494,1024.7235,-1670.3566,69072.49,8.639997e-11,-49.531982,-49.452316,334.33,414.26,1859.94
2022,7,-993.27673,862.17285,-1710.2377,68045.945,8.639997e-11,-56.506805,-56.71527,334.53,414.65,1867.49
2022,8,-983.5449,835.08575,-1647.7435,68198.11,8.639997e-11,-51.475204,-51.273285,334.75,415.18,1873.68
2022,9,-892.6086,871.98193,-1639.1809,67894.55,68815.0,-54.5717,-53.91507,334.99,415.54,1877.57
2022,10,-887.18,880.02,-1686.8,68060.55,2081280.0,-49.076447,-49.512283,335.17,415.54,1876.97
2022,11,-808.1975,1011.50665,-1753.5416,67587.0,4795392.0,-38.14586,-38.46492,335.31,415.52,1871.86
2022,12,-980.596,959.4273,-1810.2164,68223.875,6039040.0,-28.697754,-30.18489,335.47,415.51,1864.59
2023,1,-1058.356,888.6885,-1813.3224,68126.03,5441024.0,-30.701767,-31.930923,335.61,415.25,1855.88
2023,2,-989.20447,906.7378,-1801.0741,68567.11,2964480.0,-39.61969,-39.258606,335.59,415.01,1850.69
2023,3,-882.147,1052.447,-1817.5446,68277.22,485600.06,-47.04019,-46.498215,335.43,415.05,1851.5
2023,4,-529.62537,1284.5464,-1784.0,68861.91,8.639997e-11,-49.644836,-49.474243,335.33,415.27,1856.69
2023,5,-763.6349,1195.1178,-1866.6666,67889.68,8.639997e-11,-52.555542,-52.29138,335.37,415.74,1863.77
2023,6,-899.19214,1019.86206,-1871.8976,68597.88,8.639997e-11,-51.260544,-51.512253,335.48,416.18,1870.91
2023,7,-956.34106,987.7117,-1838.8364,67498.0,8.639997e-11,-53.294098,-53.494415,335.64,416.56,1878.45
2023,8,-688.7834,1222.9775,-1828.2953,67467.28,8.639997e-11,-51.148895,-51.190918,335.85,417.09,1885.25
2023,9,-779.97284,1166.6523,-1899.0762,68339.57,64410.688,-51.860397,-52.53453,336.05,417.49,1889.05
2023,10,-927.23,1101.7,-1930.6,67608.664,1852928.0,-47.00354,-46.70938,336.22,417.7,1888.29
2023,11,-1057.5917,1056.075,-1953.6417,68398.266,4425728.0,-35.09189,-34.29805,336.39,417.87,1882.84
2023,12,-1050.6188,1028.6692,-1939.48,68372.55,5939200.0,-28.096283,-28.545868,336.47,418.08,1874.35
2024,1,,,,68679.03,5475840.0,-30.746872,-31.753815,336.5,418.21,1865.97
2024,2,,,,68094.16,2906624.0,-39.454575,-38.947144,336.51,418.25,1860.08
2024,3,,,,68044.66,456908.88,-48.12027,-48.73178,336.44,418.41,1857.58
2024,4,,,,67642.34,8.639997e-11,-51.46402,-52.459396,336.36,418.84,1860.94
2024,5,,,,67785.95,8.639997e-11,-50.54579,-50.69113,336.41,419.45,1867.97
2024,6,,,,67978.59,8.639997e-11,-50.315186,-49.930206,336.56,419.93,1877.16
2024,7,,,,68380.67,8.639997e-11,-49.4254,-51.01677,336.71,420.55,1885.56
2024,8,,,,68812.305,8.639997e-11,-49.46141,-52.25551,336.94,421.16,1890.15
2024,9,,,,67818.83,70679.44,-50.773453,-52.948257,337.19,421.41,1891.36
2024,10,,,,68426.83,2027008.0,-47.248947,-47.025055,337.33,421.5,1891.58
2024,11,,,,67775.41,4674560.0,-36.474747,-36.340683,337.38,421.56,1889.06
2024,12,,,,69221.914,6274048.0,-28.624115,-30.741943,337.44,421.75,1881.31
2025,1,,,,68862.805,5185024.0,-25.948181,-26.960999,,,
2025,2,,,,68442.914,2770432.0,-36.525497,-35.806473,,,
2025,3,,,,67888.78,477744.8,-47.920044,-47.364212,,,
2025,4,,,,67851.7,8.639997e-11,-48.508682,-49.0287,,,
2025,5,,,,68206.44,8.639997e-11,-51.854095,-52.107086,,,
2025,6,,,,68560.54,8.639997e-11,-51.69557,-51.661026,,,
2025,7,,,,67625.41,8.639997e-11,-52.930283,-52.634506,,,
2025,8,,,,68228.375,8.639997e-11,-49.96672,-50.247086,,,
2025,9,,,,68107.72,59424.14,-50.73477,-50.685867,,,
2025,10,,,,68069.375,2172928.0,-46.95819,-46.93962,,,
