Year,Month,Ant_total_CO2eq_model,sp,ssr,t2m_c,skt_c,CO2_eq
1975,1,2521.954001,69441.54,5463040,-28.476059,-29.248825,450.2608636
1975,2,2515.722685,69172.1,3017728,-35.965103,-37.239532,450.4466375
1975,3,2509.491369,68785.695,431655.12,-45.428085,-47.281006,450.6324114
1975,4,2503.26006,68145.39,8.64E-11,-54.786545,-57.04042,450.8181851
1975,5,2497.028745,69257.914,8.64E-11,-49.846344,-52.95352,451.003959
1975,6,2490.797426,68444.42,8.64E-11,-57.400696,-60.509796,451.189733
1975,7,2343.892485,68189.8,8.64E-11,-59.463715,-61.73062,455.5694026
1975,8,2326.957438,67507.516,8.64E-11,-57.31549,-59.55957,456.0742863
1975,9,2319.414283,67605.41,59219.43,-56.79387,-59.004868,456.29917
1975,10,2310.864864,67894.42,1942528,-48.108658,-49.627808,456.5540534
1975,11,2302.986287,68551.2,4843520,-37.561935,-38.71672,456.788937
1975,12,2314.897765,69410.89,6314496,-28.973297,-29.672195,456.4338207
1976,1,2334.524022,69589.05,5580800,-29.220566,-30.065613,455.8487041
1976,2,2341.068705,68794.81,3040256,-37.857895,-38.93747,455.6535878
1976,3,2341.575743,68433.12,406018.38,-49.105713,-50.614822,455.6384715
1976,4,2334.032598,67889.32,8.64E-11,-56.455093,-58.79097,455.8633549
1976,5,2324.812323,67568.2,8.64E-11,-56.249786,-58.62552,456.1382385
1976,6,2317.940017,68241.766,8.64E-11,-56.532684,-59.225464,456.3431222
1976,7,2304.023793,68236.4,8.64E-11,-57.21811,-59.613647,456.7580059
1976,8,2285.076208,67424.45,8.64E-11,-60.879807,-63.87175,457.3228893
1976,9,2268.141164,67402.24,72855,-55.392166,-57.94217,457.8277729
1976,10,2254.895789,67284.86,1992192,-48.177704,-49.995773,458.2226566
1976,11,2254.731988,69202.39,4730368,-36.801178,-37.55504,458.22754
1976,12,2267.64974,70252.66,6223360,-27.619507,-28.187057,457.8424237
1977,1,2274.194423,70038.17,5311488,-26.316757,-26.919464,457.6473074
1977,2,2272.353498,68784.23,3082240,-38.86197,-40.177856,457.7021908
1977,3,2275.879362,68569.1,388304.06,-48.038773,-49.523514,457.5970744
1977,4,2281.082346,68633.586,8.64E-11,-51.50238,-53.400497,457.4419581
1977,5,2275.216324,68712.016,8.64E-11,-49.961975,-51.957047,457.6168415
1977,6,2262.641799,68639.14,8.64E-11,-49.99701,-51.45854,457.9917252
1977,7,2243.023357,68273.69,8.64E-11,-51.522903,-53.883835,458.5766088
1977,8,2210.658784,68536.93,8.64E-11,-53.28282,-55.57817,459.5414922
1977,9,2192.382038,67021.086,62216.527,-55.842743,-58.206543,460.0863759
1977,10,2197.249597,67662.83,2209280,-53.31581,-55.607834,459.9412596
1977,11,2207.148537,68315.59,4749824,-38.4097,-39.304337,459.646143
1977,12,2209.332699,69185.54,6443520,-31.723267,-32.29239,459.5810267
1978,1,2205.814644,68861.77,5644800,-31.025558,-31.957626,459.6859103
1978,2,2208.33423,68904.36,2998784,-37.499435,-38.71521,459.610794
1978,3,2209.847552,68723.59,501199.8,-48.4505,-50.463425,459.5656774
1978,4,2197.608452,68743.46,8.64E-11,-46.02954,-47.548798,459.9305611
1978,5,2178.325435,68399.25,8.64E-11,-50.5316,-52.546173,460.5054447
1978,6,2165.750919,68301.89,8.64E-11,-54.774017,-56.892807,460.8803281
1978,7,2152.17012,68510.14,8.64E-11,-55.630493,-58.029434,461.2852118
1978,8,2133.222524,67044.84,8.64E-11,-53.496613,-56.064056,461.8500955
1978,9,2116.622912,67800.58,56936.453,-54.598206,-57.412582,462.3449789
1978,10,2099.017016,68239.47,1790976,-44.88127,-46.195602,462.8698626
1978,11,2099.524057,68749.78,4787200,-36.24591,-36.88286,462.8547462
1978,12,2114.118943,69169.46,6238208,-28.965225,-29.482056,462.4196296
1979,1,2128.04297,69258.2,5719040,-30.221878,-31.227448,462.0045133
1979,2,2142.637846,68907.58,3184128,-39.004654,-40.647827,461.569397
1979,3,2149.517963,68381.17,413840.44,-45.236313,-46.412018,461.3642804
1979,4,2142.645661,68794.79,8.64E-11,-47.333817,-49.805847,461.569164
1979,5,2128.394012,67839.27,8.64E-11,-54.506027,-56.96547,461.9940477
1979,6,2119.844593,68363.234,8.64E-11,-50.72348,-52.277542,462.2489311
1979,7,2100.561573,67042.8,8.64E-11,-57.205215,-59.22699,462.8238148
1979,8,2079.601429,67913.28,8.64E-11,-54.985825,-57.276,463.4486985
1979,9,2077.089655,68242.56,49469.863,-50.36786,-52.27449,463.5235819
1979,10,2076.254998,68033.15,1828352,-47.49849,-49.15274,463.5484655
1979,11,2073.072364,68981.11,4768768,-36.459763,-37.697876,463.6433492
1979,12,2067.206332,69445.375,6250496,-29.260468,-29.953415,463.8182329
1980,1,2059.998612,69395.41,5707264,-29.748352,-30.873428,464.0331163
1980,2,2052.790885,69253.55,3107840,-38.869186,-40.148453,464.2479999
1980,3,2045.583155,68867.62,445911.7,-46.972046,-49.37828,464.4628836
1980,4,2038.375435,68968.83,8.64E-11,-51.802094,-54.26671,464.677767
1980,5,2031.167704,68720.53,8.64E-11,-51.48265,-53.78253,464.8926507
1980,6,2023.959974,68213.86,8.64E-11,-52.66725,-54.442825,465.1075344
1980,7,2016.752254,68645.99,8.64E-11,-52.932663,-55.74353,465.3224178
1980,8,2009.544527,68609.95,8.64E-11,-55.49205,-58.40033,465.5373014
1980,9,2002.336797,68554.16,58931.195,-54.010544,-56.32312,465.7521851
1980,10,1995.129076,68081.77,1839616,-46.649506,-47.904495,465.9670685
1980,11,1987.921346,69367.14,4590080,-34.003082,-34.907303,466.1819522
1980,12,1980.713619,69306.93,6234624,-29.852081,-30.424088,466.3968358
1981,1,1973.505899,69302.42,5260288,-27.894104,-28.585037,466.6117192
1981,2,1966.298169,69032.25,3059200,-37.46315,-38.71747,466.8266029
1981,3,1959.090438,69313.45,481208.7,-46.96405,-49.098846,467.0414866
1981,4,1951.882718,68458.91,8.64E-11,-50.84726,-53.594574,467.25637
1981,5,1944.674988,68697.36,8.64E-11,-47.8181,-49.201645,467.4712537
1981,6,1937.467261,68352.03,8.64E-11,-51.36946,-53.023804,467.6861373
1981,7,1930.25953,68834.2,8.64E-11,-49.57483,-51.8192,467.901021
1981,8,1917.685015,69056.81,8.64E-11,-48.4133,-50.60977,468.2759044
1981,9,1916.514929,67907.83,80308,-54.703354,-57.486115,468.3107881
1981,10,1917.021971,68135.484,2103808,-51.775238,-53.96489,468.2956717
1981,11,1918.870718,68334.85,4922880,-38.433136,-39.640762,468.2405551
1981,12,1927.427949,68745.05,6173696,-28.968063,-29.684784,467.9854388
1982,1,1932.630933,69568.875,5612032,-29.46199,-30.534073,467.8303225
1982,2,1935.821379,68943.06,3179520,-38.07286,-39.711548,467.7352059
1982,3,1936.663841,67970.64,438970.62,-47.94931,-49.296066,467.7100896
1982,4,1926.437292,68158.56,8.64E-11,-47.36116,-49.335266,468.0149732
1982,5,1917.217024,68185.09,8.64E-11,-48.915024,-51.121536,468.2898566
1982,6,1912.692691,67865.94,8.64E-11,-52.691254,-54.356354,468.4247403
1982,7,1901.124439,68488.09,8.64E-11,-51.04657,-53.520493,468.769624
1982,8,1884.524827,67907.96,8.64E-11,-54.247864,-56.39502,469.2645074
1982,9,1873.627428,67668.58,50940.582,-54.845657,-57.119812,469.589391
1982,10,1870.780219,68309.76,1723904,-43.874023,-45.371124,469.6742747
1982,11,1875.312364,69336.39,4900352,-33.2574,-34.44789,469.5391581
1982,12,1881.521622,70016.984,6193664,-27.758347,-28.524124,469.3540418
1983,1,1884.041209,69633.65,5266944,-28.134048,-28.644241,469.2789255
1983,2,1941.101712,69206.49,3051520,-38.5085,-39.916473,467.5777836
1983,3,1941.119949,68816.83,483225.12,-47.56125,-49.625153,467.5772399
1983,4,1919.905593,68846.53,8.64E-11,-49.76944,-51.95465,468.2097024
1983,5,1894.435235,69286.68,8.64E-11,-50.415024,-52.64859,468.9690489
1983,6,1878.611098,68362.16,8.64E-11,-54.00879,-56.491577,469.4408131
1983,7,1858.867379,67837.336,8.64E-11,-54.755463,-56.606888,470.0294316
1983,8,1833.433583,68148.78,8.64E-11,-51.421326,-53.78311,470.7876881
1983,9,1819.915021,67991.89,59610.023,-52.17737,-54.47206,471.1907163
1983,10,1816.901146,67826.16,1940992,-46.893204,-48.336197,471.2805688
1983,11,1820.553368,68145.28,4417536,-37.871338,-38.25006,471.1716853
1983,12,1830.28752,69157.516,6439424,-31.033707,-31.954773,470.8814815
1984,1,1841.301107,69881.91,5473280,-28.097824,-29.012268,470.553134
1984,2,1847.754393,69124.49,2701312,-34.99672,-35.51317,470.3607425
1984,3,1848.640109,68623.8,388971.5,-45.088745,-47.124725,470.3343367
1984,4,1843.285104,68639.17,8.64E-11,-52.478256,-54.675323,470.4939852
1984,5,1830.069957,69028.77,8.64E-11,-48.88893,-50.962357,470.8879677
1984,6,1815.479713,68354.484,8.64E-11,-57.342102,-59.684372,471.3229459
1984,7,1796.965326,68155.95,8.64E-11,-48.38846,-49.914948,471.8749144
1984,8,1775.923044,68447.586,8.64E-11,-53.6873,-55.321182,472.5022469
1984,9,1759.644537,68226.16,69009.19,-51.864212,-53.90474,472.9875572
1984,10,1756.458455,68014.38,1946112,-49.8087,-51.008667,473.0825437
1984,11,1762.538618,68773.766,4929024,-37.74762,-38.786926,472.9012761
1984,12,1770.927775,70024.47,6040064,-28.005127,-28.458511,472.6511706
1985,1,1780.741755,69841.44,5686784,-29.889069,-30.989975,472.3585869
1985,2,1780.983043,68780.7,2936832,-38.71042,-39.870148,472.3513934
1985,3,1784.373231,68816.945,420581.38,-47.385773,-49.114212,472.2503219
1985,4,1779.916704,68727.516,8.64E-11,-49.12944,-51.46393,472.3831841
1985,5,1762.544236,68593.56,8.64E-11,-52.592224,-54.476624,472.9011086
1985,6,1746.203602,68747.266,8.64E-11,-48.174942,-49.618637,473.3882711
1985,7,1719.68257,66901.7,8.64E-11,-52.512634,-54.631546,474.1789413
1985,8,1694.478673,68398.11,8.64E-11,-52.47516,-55.021713,474.9303438
1985,9,1684.945215,67877.33,62554.688,-55.05606,-57.566162,475.2145643
1985,10,1681.459274,68152.695,1845760,-46.5168,-47.881668,475.3184905
1985,11,1686.495324,67944.19,4476928,-36.121567,-36.55533,475.168351
1985,12,1698.077522,68860.484,6233088,-31.12741,-31.68489,474.8230515
1986,1,1707.970465,69594.5,5199360,-25.425232,-26.05809,474.5281137
1986,2,1718.765422,69914.875,2999296,-34.223892,-35.04457,474.2062842
1986,3,1718.226176,69023.61,430650.38,-46.473083,-46.321976,474.2223607
1986,4,1707.300045,68649.72,8.64E-11,-47.92784,-47.711563,474.5481009
1986,5,1695.035492,69047.19,8.64E-11,-55.429077,-55.92282,474.9137434
1986,6,1678.813665,68610.8,8.64E-11,-56.082,-57.180893,475.3973639
1986,7,1658.054817,68014.76,8.64E-11,-53.567352,-54.60933,476.0162464
1986,8,1634.071537,67817.97,8.64E-11,-54.145416,-54.801666,476.7312587
1986,9,1621.26038,67045.61,52480,-56.31227,-58.32576,477.1131971
1986,10,1620.893207,67852.31,2052608,-50.191315,-50.130737,477.1241436
1986,11,1626.481305,68275.46,4325376,-36.399307,-35.29323,476.9575459
1986,12,1634.82263,69092.04,6157824,-28.06099,-28.970825,476.7088664
1987,1,1643.257203,70181.51,5565440,-27.186935,-29.34822,476.4574069
1987,2,1647.616846,68992.26,2596352,-36.286133,-35.214844,476.3274331
1987,3,1641.480905,68790.23,474561.44,-46.326965,-47.01207,476.5103636
1987,4,1629.597327,68631.516,8.64E-11,-50.845093,-52.312943,476.8646481
1987,5,1616.739753,68637.17,8.64E-11,-52.32872,-53.17224,477.2479703
1987,6,1593.590669,68853.16,8.64E-11,-50.37726,-51.882248,477.9381128
1987,7,1569.373055,68762.14,8.64E-11,-53.216965,-55.238052,478.6601113
1987,8,1549.773578,67275.12,8.64E-11,-59.93802,-61.862274,479.2444295
1987,9,1530.481676,68637.83,61199.605,-53.685318,-56.39,479.819578
1987,10,1522.995047,68146.1,1944576,-48.96031,-49.465256,480.0427765
1987,11,1525.424387,68414.85,5038592,-40.398636,-41.119904,479.9703507
1987,12,1530.542549,69216.266,6427648,-30.054398,-31.778458,479.8177632
1988,1,1543.635232,69579.984,5391360,-28.147766,-29.094803,479.4274317
1988,2,1555.55413,68681.03,2963456,-39.548325,-39.29187,479.0720942
1988,3,1548.47418,68831.2,393996.7,-43.454132,-44.434372,479.2831684
1988,4,1534.342586,68651.19,8.64E-11,-49.922073,-51.628708,479.7044729
1988,5,1523.759584,68871.836,8.64E-11,-53.10315,-55.085175,480.0199834
1988,6,1505.172081,69377.3,8.64E-11,-50.15416,-51.866272,480.5741317
1988,7,1483.205905,67839.56,8.64E-11,-55.713745,-56.863388,481.2290082
1988,8,1462.706812,68523.05,8.64E-11,-52.749542,-53.701416,481.8401466
1988,9,1450.868658,68843.22,64977.414,-52.187195,-53.212585,482.1930769
1988,10,1443.682033,69455.9,2068480,-46.58307,-47.354874,482.4073314
1988,11,1446.748938,68566.2,4814336,-37.644318,-37.995132,482.3158979
1988,12,1457.490371,68956.805,6187008,-29.198227,-29.921692,481.9956641
1989,1,1462.530715,69395.81,5374464,-30.379364,-30.663696,481.8453966
1989,2,1467.971018,68829.58,2961920,-38.027283,-37.937057,481.6832051
1989,3,1467.608283,68947.9,451531.62,-47.566437,-48.8161,481.6940193
1989,4,1459.143354,68709.22,8.64E-11,-53.12657,-54.929764,481.9463838
1989,5,1447.02773,67531.45,8.64E-11,-54.422913,-56.059906,482.3075863
1989,6,1427.661709,67887.95,8.64E-11,-54.971207,-56.325073,482.8849445
1989,7,1404.533756,68065.52,8.64E-11,-53.582626,-54.9597,483.574457
1989,8,1383.108352,68675.7,8.64E-11,-52.766754,-53.50728,484.2132115
1989,9,1373.082836,68345.53,58297.83,-51.20894,-52.571884,484.5121017
1989,10,1369.232479,68102.74,1910784,-48.914642,-49.459274,484.6268922
1989,11,1362.705298,68933.58,4644864,-36.295807,-36.078094,484.8214867
1989,12,1373.871101,69624.15,6477312,-27.19043,-29.124863,484.4886012
1990,1,1400.291962,69469.19,5215232,-27.380386,-27.815094,483.7009174
1990,2,1413.704774,68787.74,2994176,-38.847763,-38.95636,483.3010419
1990,3,1414.991446,68759.75,456030.75,-48.359787,-49.777466,483.2626824
1990,4,1403.615373,69206.52,8.64E-11,-52.210297,-54.49472,483.6018367
1990,5,1382.188828,69154.734,8.64E-11,-54.15271,-55.756546,484.2406252
1990,6,1368.143911,68802.19,8.64E-11,-50.479355,-51.367844,484.6593456
1990,7,1348.814449,68837.09,8.64E-11,-52.034607,-53.539185,485.2356139
1990,8,1328.806281,68135.13,8.64E-11,-55.101517,-56.595856,485.8321164
1990,9,1318.7719,67377.945,61596.277,-53.189728,-54.6996,486.1312709
1990,10,1313.981961,68518.03,1986048,-45.000046,-46.04808,486.2740731
1990,11,1318.658167,69174.59,4606976,-33.922165,-34.867096,486.1346616
1990,12,1329.296346,69539.09,6124032,-26.14125,-27.42157,485.8175061
1991,1,1336.198307,69011.33,5605888,-28.953354,-30.355927,485.6117383
1991,2,1344.100091,69598.25,3045888,-35.7762,-36.21974,485.3761628
1991,3,1348.222109,68260.19,418749.8,-47.795135,-48.68721,485.2532733
1991,4,1335.730819,68724.28,8.64E-11,-51.698456,-53.279144,485.6256755
1991,5,1322.111418,68411.81,8.64E-11,-51.745575,-54.07158,486.03171
1991,6,1306.342817,68931.13,8.64E-11,-52.92192,-54.93228,486.5018185
1991,7,1282.303985,68706.875,8.64E-11,-50.717422,-52.447845,487.218487
1991,8,1264.913683,68001.61,8.64E-11,-52.827133,-55.304214,487.7369432
1991,9,1256.224422,68736.75,50434.887,-48.7603,-50.298035,487.9959957
1991,10,1255.344183,68122.5,1845760,-46.62651,-46.98062,488.0222382
1991,11,1257.931308,68868.7,4633088,-37.05452,-36.818344,487.9451084
1991,12,1263.354907,70233.44,6319104,-27.449814,-29.302032,487.7834149
1992,1,1278.654618,69304.04,5389824,-29.40242,-30.785324,487.3272854
1992,2,1293.775688,69344.16,3094528,-40.338654,-41.008987,486.8764817
1992,3,1298.564261,68686.2,460413.06,-50.017044,-52.411026,486.7337202
1992,4,1286.228602,68518.21,8.64E-11,-47.263412,-49.098923,487.1014826
1992,5,1268.16416,69080.85,8.64E-11,-52.090958,-54.125214,487.6400369
1992,6,1244.339798,69144.91,8.64E-11,-50.72278,-52.108063,488.3503114
1992,7,1217.59657,68284.47,8.64E-11,-55.335495,-57.172318,489.1476059
1992,8,1200.375053,67812.25,8.64E-11,-55.460007,-56.76851,489.6610301
1992,9,1192.55414,67677.59,64726.902,-52.532715,-53.78235,489.8941946
1992,10,1195.015738,68540.41,1882112,-42.932205,-43.51396,489.8208071
1992,11,1202.527434,68387.45,4754944,-36.9252,-37.11696,489.5968613
1992,12,1213.833175,69058.55,6055936,-30.058182,-30.609772,489.2598038
1993,1,1231.177568,69884.33,5052928,-27.706146,-27.553665,488.7427163
1993,2,1242.194575,68636.58,2689024,-37.96379,-37.35028,488.4142668
1993,3,1243.765564,68674.42,434054.2,-46.461334,-46.916092,488.367431
1993,4,1239.976455,68440.055,8.64E-11,-50.75415,-51.390686,488.4803955
1993,5,1229.641198,68100.09,8.64E-11,-49.590958,-50.626404,488.78852
1993,6,1212.133229,68072.71,8.64E-11,-54.320023,-55.43489,489.3104842
1993,7,1190.729963,67777.016,8.64E-11,-52.717575,-53.22992,489.9485787
1993,8,1171.88914,67450.914,8.64E-11,-58.269714,-59.509583,490.5102792
1993,9,1163.337547,67886.234,64541.22,-54.847183,-55.459274,490.7652274
1993,10,1163.548982,67890.43,1905152,-46.925156,-46.826324,490.7589239
1993,11,1171.144054,68917.14,4717056,-36.717087,-37.010086,490.5324924
1993,12,1185.165334,68740.43,6071296,-28.598083,-29.716919,490.1144767
1994,1,1196.987428,69410.59,5562880,-29.013412,-31.327713,489.7620252
1994,2,1200.160868,68637.66,3102720,-40.789886,-40.850662,489.6674156
1994,3,1195.403194,68139.37,430963.44,-48.959885,-49.141434,489.8092559
1994,4,1188.86528,68818.414,8.64E-11,-53.658417,-54.655853,490.0041704
1994,5,1181.293386,68082.41,8.64E-11,-52.501907,-53.282166,490.2299109
1994,6,1161.177557,69712.64,8.64E-11,-50.256348,-52.057495,490.8296231
1994,7,1138.969204,68224.08,8.64E-11,-56.290527,-57.86061,491.4917196
1994,8,1117.112846,67725.75,8.64E-11,-55.091934,-55.947174,492.1433221
1994,9,1097.792107,68248.47,52220.016,-53.399628,-54.617294,492.7193303
1994,10,1094.490505,68353.984,1941504,-47.7921,-47.87056,492.8177608
1994,11,1099.202266,69108.94,4282368,-35.580826,-35.0773,492.6772893
1994,12,1104.908025,68672.375,6490624,-29.669312,-32.07016,492.5071838
1995,1,1114.65318,68726.89,5635584,-31.770233,-33.73651,492.216652
1995,2,1120.778756,68790.45,2890752,-37.34349,-37.556717,492.0340305
1995,3,1118.359053,68802.24,503905,-46.822754,-47.56006,492.106169
1995,4,1105.807923,68266.22,8.64E-11,-52.944443,-53.59305,492.4803552
1995,5,1093.794402,67854.72,8.64E-11,-52.237717,-53.26712,492.8385137
1995,6,1082.326214,68774.72,8.64E-11,-53.947403,-54.728317,493.1804142
1995,7,1063.018893,69316.55,8.64E-11,-51.22885,-53.009094,493.7560224
1995,8,1045.737392,68327.63,8.64E-11,-56.157547,-56.927658,494.2712349
1995,9,1033.65162,67750.56,60836.26,-60.055496,-61.777878,494.6315474
1995,10,1018.552467,68565.59,1803776,-46.28569,-46.709,495.0816977
1995,11,1016.001545,68992.83,4927488,-36.611877,-37.870285,495.1577482
1995,12,1029.62856,68948.57,6145536,-27.92752,-29.662018,494.7514867
1996,1,1037.819826,69431.375,5489664,-29.184296,-31.059875,494.5072809
1996,2,1042.686956,69461.125,2797568,-35.24196,-35.720657,494.3621774
1996,3,1044.794278,68459.234,434300.94,-48.61995,-49.021286,494.2993519
1996,4,1042.053718,68724.72,8.64E-11,-50.04474,-50.593018,494.3810561
1996,5,1034.962755,68385.14,8.64E-11,-56.52231,-57.519974,494.5924586
1996,6,1019.140889,68433,8.64E-11,-54.785217,-54.644318,495.0641551
1996,7,996.9102642,68184.33,8.64E-11,-51.346207,-52.05681,495.7269156
1996,8,976.537701,69297.78,8.64E-11,-49.621246,-50.192963,496.3342818
1996,9,968.0737783,68789.55,70843.94,-54.905807,-55.28302,496.5866163
1996,10,968.7428668,67857.18,1816064,-49.40181,-48.66278,496.5666688
1996,11,975.6115531,69294.266,4783616,-34.386566,-35.31758,496.361893
1996,12,982.1012666,69541.7,6395392,-26.260971,-29.19812,496.1684155
1997,1,974.9479154,69369.84,5510656,-28.442657,-30.920715,496.381678
1997,2,979.9293748,68833.53,3104768,-40.25612,-40.834,496.233166
1997,3,981.0795462,68037.766,496832.8,-49.192123,-49.60013,496.198876
1997,4,973.5546953,68506.125,8.64E-11,-51.976868,-52.320557,496.423214
1997,5,957.5827097,67964.99,8.64E-11,-53.36447,-53.298035,496.899386
1997,6,941.6916286,68521.445,8.64E-11,-52.318314,-53.028946,497.373146
1997,7,927.6330397,67560.73,8.64E-11,-60.925705,-61.451675,497.792274
1997,8,908.5289253,67950.67,8.64E-11,-54.978516,-55.58264,498.361824
1997,9,893.813642,68198.8,73560.81,-55.48297,-57.024826,498.80053
1997,10,890.0862684,68259.125,2175488,-51.507492,-52.134384,498.911654
1997,11,889.6524972,69764.5,4913152,-33.71579,-35.702576,498.924586
1997,12,895.117572,69269.516,6436352,-27.832596,-31.184113,498.761656
1998,1,903.4412033,69155.59,5138432,-26.886597,-28.381454,498.513504
1998,2,904.9048626,68963.04,2949632,-36.77397,-37.754425,498.469868
1998,3,899.2901212,68490.16,406995.44,-47.060028,-46.49002,498.63726
1998,4,889.0653698,67547.01,8.64E-11,-56.456924,-56.80162,498.94209
1998,5,871.3939885,68166.97,8.64E-11,-53.153168,-53.894043,499.468926
1998,6,845.5280473,68606.945,8.64E-11,-52.27707,-52.727936,500.240066
1998,7,817.153733,68138.44,8.64E-11,-53.77321,-53.72484,501.085988
1998,8,790.8899781,67994.14,8.64E-11,-57.85295,-57.791916,501.868988
1998,9,775.4195196,68195.99,51833.83,-57.184494,-57.859985,502.330208
1998,10,772.2586784,68263.14,1998848,-51.158234,-51.399277,502.424442
1998,11,776.6389226,68407.2,4629504,-35.722336,-36.792892,502.293854
1998,12,782.6317546,68907.59,6320128,-27.761108,-30.770203,502.11519
1999,1,789.5846393,69657.44,5401600,-25.506287,-28.497452,501.907904
1999,2,796.8344419,69140.766,3016704,-38.456024,-38.772186,501.691766
1999,3,797.5886109,68780.92,482584.88,-48.64566,-48.308624,501.669282
1999,4,791.9246963,67869.89,8.64E-11,-52.34619,-52.939606,501.83814
1999,5,778.4930833,68189.73,8.64E-11,-51.88011,-51.717422,502.238576
1999,6,760.3063554,69523.086,8.64E-11,-53.40927,-53.641266,502.780776
1999,7,744.3329611,68230.89,8.64E-11,-57.137863,-57.571686,503.25699
1999,8,725.2097275,68119.59,8.64E-11,-52.682602,-53.09984,503.82711
1999,9,709.2566599,68590.79,62504.99,-57.55597,-58.525253,504.302718
1999,10,704.1551183,67808.766,1879552,-48.032806,-47.780853,504.45481
1999,11,705.4738741,68586.08,4813824,-37.32852,-38.86281,504.415494
1999,12,715.0862072,68494.31,6246912,-30.08197,-32.536667,504.128922
2000,1,728.1893723,68721.836,5535232,-29.399887,-31.821747,503.738278
2000,2,740.5583597,68655.05,2805760,-39.71759,-38.784103,503.369522
2000,3,749.0914973,68793.086,461511.06,-52.14566,-52.250427,503.115124
2000,4,746.1773945,68665.32,8.64E-11,-56.058548,-55.805435,503.202002
2000,5,733.0100291,68335.625,8.64E-11,-54.091507,-54.18802,503.59456
2000,6,716.4979427,68833.34,8.64E-11,-54.82396,-54.619095,504.086834
2000,7,696.3689716,68413.31,8.64E-11,-56.672028,-56.293594,504.686938
2000,8,674.8027727,68357.47,8.64E-11,-55.563477,-55.58571,505.32989
2000,9,663.6928354,68598.016,66286.69,-55.72676,-55.940536,505.66111
2000,10,660.2543296,67938.766,1762816,-47.315704,-46.00679,505.763622
2000,11,661.0496887,69377.86,4553728,-32.26999,-33.44348,505.73991
2000,12,668.6147235,69756.78,6534144,-27.259872,-31.29103,505.514374
2001,1,680.7177191,69346.7,5435904,-28.050934,-31.070602,505.153548
2001,2,683.5936506,69470.17,2935808,-37.346436,-37.954193,505.067808
2001,3,681.9444344,68548.64,465059.75,-51.403625,-50.114807,505.116976
2001,4,673.7410193,68275.83,8.64E-11,-55.56433,-55.23056,505.361544
2001,5,658.9018301,68756.1,8.64E-11,-52.84935,-52.70746,505.803944
2001,6,643.155317,68645.81,8.64E-11,-52.32187,-52.155212,506.273394
2001,7,629.6210641,68647.414,8.64E-11,-54.3925,-54.83441,506.67689
2001,8,609.0697262,67699.88,8.64E-11,-57.756027,-58.057755,507.289586
2001,9,594.2501258,68429.22,65019.727,-52.977386,-53.322723,507.731402
2001,10,582.8406542,67978.58,1973248,-49.4673,-50.011322,508.071552
2001,11,585.6960577,68772.11,4616192,-32.89113,-33.890564,507.986424
2001,12,601.4525664,68979.516,6370304,-25.962753,-29.388596,507.516676
2002,1,617.1776794,69294.266,5439488,-25.721283,-28.601288,507.047864
2002,2,624.9658387,68734.875,3158528,-38.897064,-39.86316,506.815676
2002,3,625.1534753,69133.94,438956,-45.928513,-45.570724,506.810082
2002,4,617.9466741,68592.305,8.64E-11,-47.86229,-47.192337,507.024938
2002,5,601.4287513,69385.19,8.64E-11,-51.966995,-52.593185,507.517386
2002,6,578.3937276,68488.91,8.64E-11,-55.12166,-55.741074,508.204128
2002,7,553.7102256,68739.35,8.64E-11,-50.419617,-50.74327,508.940016
2002,8,528.6696304,67653.94,8.64E-11,-51.15561,-51.2305,509.68655
2002,9,511.2308326,68635.336,67398.44,-53.383728,-54.02124,510.206452
2002,10,504.0889697,69211.25,1958400,-46.972702,-48.18007,510.419372
2002,11,508.8998321,68538.69,4661248,-36.794434,-36.926193,510.275946
2002,12,519.8766729,68739.91,6273024,-29.93129,-32.14894,509.948694
2003,1,527.8689046,69954.31,5697024,-27.753845,-30.751862,509.710422
2003,2,531.7492318,69505.32,3257344,-38.909912,-40.730057,509.594738
2003,3,529.2032241,68608.92,457899.25,-48.567932,-49.13748,509.670642
2003,4,521.9998442,68309.14,8.64E-11,-51.65248,-51.996277,509.885396
2003,5,505.7409364,68698.234,8.64E-11,-53.813858,-53.88115,510.370122
2003,6,483.9080748,68970.664,8.64E-11,-58.297318,-59.522186,511.021024
2003,7,463.9115965,68339.7,8.64E-11,-57.40393,-58.532364,511.617178
2003,8,440.9618378,67894.586,8.64E-11,-51.258163,-51.81758,512.301378
2003,9,425.1822518,68402.11,63445.52,-54.77617,-56.579163,512.771814
2003,10,426.8254975,68357.19,1975808,-47.832336,-48.44287,512.722824
2003,11,434.9773913,68625.89,4904960,-36.8322,-38.180145,512.479792
2003,12,441.5588937,70118.64,6282752,-25.694473,-28.559998,512.283578
2004,1,452.6293851,69157.95,5664256,-27.626389,-30.59137,511.953534
2004,2,466.7034705,69529.56,3126784,-36.532837,-38.042892,511.533944
2004,3,469.400889,68260.11,488606.88,-50.329773,-50.210953,511.453526
2004,4,460.7283489,68684.61,8.64E-11,-50.60173,-50.11302,511.71208
2004,5,445.0208122,68442.945,8.64E-11,-53.4142,-53.042923,512.180368
2004,6,425.231358,68035.02,8.64E-11,-56.426483,-56.42502,512.77035
2004,7,403.1024506,67056.305,8.64E-11,-59.07628,-59.9227,513.430078
2004,8,378.459535,67850.54,8.64E-11,-55.529816,-56.951385,514.164756
2004,9,365.8992213,68415.2,69546.625,-48.9991,-50.39412,514.539216
2004,10,365.6595938,68456.33,2073088,-46.704773,-47.326767,514.54636
2004,11,372.1094085,68799.125,5012992,-37.60872,-39.676697,514.354072
2004,12,381.5542305,69791.72,6518272,-25.968307,-29.96669,514.072494
2005,1,396.7733217,69700.74,5645312,-26.339264,-30.215683,513.618768
2005,2,413.5929926,68721.375,3035648,-38.0551,-38.975693,513.117324
2005,3,416.1629497,68846.86,459624.5,-47.763336,-47.301193,513.040706
2005,4,403.0363048,68392.21,8.64E-11,-50.114883,-49.938507,513.43205
2005,5,381.0609549,68570.266,8.64E-11,-54.506775,-53.31955,514.0872
2005,6,353.2196305,68939.125,8.64E-11,-54.503967,-55.06613,514.917232
2005,7,327.7958462,68131.69,8.64E-11,-57.585876,-58.178772,515.67519
2005,8,305.741336,67810.59,8.64E-11,-54.43773,-54.401657,516.3327
2005,9,291.1923562,68274.92,71370.81,-49.24675,-49.48076,516.766448
2005,10,287.2696984,68263.05,1954816,-45.293518,-45.22409,516.883394
2005,11,292.5059465,68701.91,4955136,-37.27437,-38.870117,516.727286
2005,12,300.0517949,70295.87,6382080,-24.897156,-28.43248,516.502322
2006,1,311.2885898,69458.28,5313536,-26.96222,-29.39473,516.16732
2006,2,319.962807,69083.03,3133440,-40.77072,-41.22534,515.908716
2006,3,318.0113061,68745.05,484880.7,-50.137344,-51.382507,515.966896
2006,4,310.5894306,68764.64,8.64E-11,-50.330124,-51.437714,516.188164
2006,5,295.9772568,67804.39,8.64E-11,-50.08162,-51.022186,516.623796
2006,6,278.5131679,68441.03,8.64E-11,-51.624985,-53.36467,517.144452
2006,7,258.3687673,67713.586,8.64E-11,-58.9225,-60.5401,517.745016
2006,8,237.6532726,69232.59,8.64E-11,-54.250732,-56.180145,518.362606
2006,9,223.4349545,68462.05,79518.25,-56.801697,-58.36493,518.786496
2006,10,217.9637749,67720.88,2032128,-51.842133,-51.88852,518.949608
2006,11,223.8549062,68780.67,4903936,-35.887207,-37.579163,518.773976
2006,12,234.6174106,68916.52,6214656,-28.665771,-31.125015,518.453114
2007,1,242.6343295,69702.984,5557248,-26.862564,-29.516663,518.214106
2007,2,247.7170873,68757.164,3005952,-39.710052,-39.90619,518.062574
2007,3,248.7797798,68832.06,473988.56,-51.901657,-52.33194,518.030892
2007,4,237.4787846,68719.06,8.64E-11,-56.575974,-57.775894,518.367808
2007,5,215.0620158,69120.875,8.64E-11,-49.752014,-51.23398,519.036118
2007,6,193.5445205,69062.92,8.64E-11,-48.72371,-48.563416,519.677618
2007,7,172.7610017,69517.92,8.64E-11,-52.94998,-53.468567,520.297236
2007,8,151.2712125,68178.125,8.64E-11,-54.86409,-56.714478,520.93791
2007,9,134.319988,68438.5,73532.44,-55.555344,-56.991547,521.443276
2007,10,127.6355773,68339.336,1893888,-47.303818,-47.91603,521.642558
2007,11,128.9303838,68889.58,4897792,-36.7406,-38.248413,521.603956
2007,12,135.9544456,68831.875,6238720,-28.038055,-30.89972,521.394548
2008,1,148.5264992,69005.79,5607424,-30.355911,-32.656006,521.019738
2008,2,154.9832236,68557.56,2992128,-39.375366,-40.017807,520.827244
2008,3,150.9658419,68871.3,496030.94,-49.30133,-49.997925,520.947014
2008,4,142.8308534,69016,8.64E-11,-50.65338,-51.60443,521.189542
2008,5,134.3676184,68685.97,8.64E-11,-53.09886,-52.74228,521.441856
2008,6,118.2020927,68412.89,8.64E-11,-56.768753,-58.088104,521.923798
2008,7,91.53730406,68189.44,8.64E-11,-52.775467,-53.408783,522.718754
2008,8,69.13214088,67682.47,8.64E-11,-54.81421,-55.058456,523.386718
2008,9,58.54177647,68358.766,77117.75,-51.414627,-51.704315,523.702448
2008,10,54.06627163,68065.31,1925120,-48.159836,-47.906967,523.835876
2008,11,56.50662057,68428.84,4888576,-36.71196,-38.311157,523.763122
2008,12,64.25479723,68938.54,6278144,-26.542694,-30.250534,523.532126
2009,1,76.85200769,68969.32,5338112,-25.95964,-28.353485,523.156566
2009,2,94.36003718,68735.7,3141632,-39.719147,-40.652817,522.6346
2009,3,97.94223892,68501.41,429277.5,-47.829483,-47.590164,522.527804
2009,4,87.51294546,68819.47,8.64E-11,-54.919342,-55.48593,522.838732
2009,5,74.1026655,69014.15,8.64E-11,-47.44452,-48.073578,523.238532
2009,6,56.19118718,69054.86,8.64E-11,-50.5683,-50.964996,523.772526
2009,7,34.88407033,68508.234,8.64E-11,-53.561844,-54.305862,524.407754
2009,8,15.28218563,68365.164,8.64E-11,-56.24034,-57.051117,524.992144
2009,9,0.089727093,68405.21,66826.56,-52.825104,-52.614212,525.445076
2009,10,-9.419965981,68115.19,1949184,-48.00255,-47.859695,525.728588
2009,11,-5.343683635,69351.164,4864512,-34.77043,-36.39789,525.607062
2009,12,5.213540812,68999.875,6409728,-27.632278,-31.381561,525.29232
2010,1,15.37127443,69891.875,5526528,-25.431229,-29.058594,524.989488
2010,2,26.66207272,69384.875,2983936,-36.360947,-37.513824,524.652876
2010,3,30.16779763,68920.14,441197.2,-46.209244,-45.522446,524.54836
2010,4,23.65693565,68491.56,8.64E-11,-58.324493,-58.104218,524.742468
2010,5,8.419060608,68571.03,8.64E-11,-49.1008,-49.16205,525.196754
2010,6,-18.51614747,68061.63,8.64E-11,-55.21469,-55.15956,525.999772
2010,7,-49.72728268,67299.06,8.64E-11,-55.541718,-55.370407,526.930268
2010,8,-81.99755497,67869.72,8.64E-11,-54.157074,-54.02513,527.89234
2010,9,-97.85703908,68023.625,68787.94,-57.252228,-57.36908,528.365158
2010,10,-99.9272804,68208,1822208,-45.97238,-45.88826,528.426878
2010,11,-97.47297779,68391.2,4820992,-36.071777,-37.77536,528.353708
2010,12,-87.66643384,69691.16,6170112,-26.151031,-29.332413,528.061346
2011,1,-73.23223641,69506.53,5558784,-25.809067,-29.341904,527.63102
2011,2,-59.19417557,69103.58,3067904,-35.494354,-37.007675,527.212504
2011,3,-53.49899939,68821.875,491073.8,-51.637146,-51.57289,527.042714
2011,4,-61.26602692,68786.06,8.64E-11,-53.786453,-53.42369,527.274272
2011,5,-75.23975331,68243.22,8.64E-11,-58.008804,-57.86322,527.69087
2011,6,-93.79182575,68832.336,8.64E-11,-56.940918,-57.21254,528.243962
2011,7,-117.5655888,69052.3,8.64E-11,-54.421677,-53.989563,528.952728
2011,8,-141.2970884,69165.39,8.64E-11,-53.180542,-54.012527,529.660234
2011,9,-157.1597255,68364.19,53271.46,-55.563446,-55.89781,530.133146
2011,10,-164.4035576,68575.516,1890816,-45.844833,-46.38565,530.349106
2011,11,-164.7149659,69482.34,5022720,-33.198364,-35.65335,530.35839
2011,12,-158.8007574,68672.22,6152704,-26.996933,-29.9906,530.18207
2012,1,-138.5959132,68547.25,5666816,-28.532532,-32.17502,529.579704
2012,2,-118.9033968,69004.44,3061760,-38.545227,-39.412003,528.992612
2012,3,-120.6138615,68705.41,383103.5,-47.81259,-46.918045,529.043606
2012,4,-134.8951724,68351.52,8.64E-11,-56.13568,-55.76436,529.469374
2012,5,-152.0561715,68482.83,8.64E-11,-55.2173,-54.824905,529.980994
2012,6,-172.5698747,68692.64,8.64E-11,-53.02339,-53.331146,530.592568
2012,7,-205.1459201,68070.12,8.64E-11,-56.44258,-56.20439,531.563756
2012,8,-236.7385674,68086.41,8.64E-11,-59.139435,-59.32573,532.505626
2012,9,-251.2999579,68185.39,68473.56,-57.069565,-56.68483,532.939744
2012,10,-254.0230028,68204.77,2035712,-48.233765,-48.383484,533.020926
2012,11,-251.2641345,69248.016,4972032,-34.438812,-36.30394,532.938676
2012,12,-242.2520105,69455.08,6237696,-25.437607,-28.72496,532.669998
2013,1,-233.4002194,69321.92,5533696,-26.976654,-30.098175,532.4061
2013,2,-226.9343044,68433.914,3081216,-41.33632,-41.883987,532.213332
2013,3,-226.6314829,68309.91,425472.2,-48.043304,-48.168472,532.204304
2013,4,-243.5175679,68281.445,8.64E-11,-51.92906,-51.21788,532.707728
2013,5,-268.6600651,68233.99,8.64E-11,-58.95822,-59.195374,533.4573
2013,6,-292.3789527,69085.28,8.64E-11,-47.905365,-48.14543,534.16443
2013,7,-319.9059841,68086.266,8.64E-11,-53.115112,-52.95363,534.985092
2013,8,-347.0889369,68990,8.64E-11,-49.797302,-49.886307,535.795496
2013,9,-362.1454143,69129.08,73704.875,-48.508057,-49.305695,536.244374
2013,10,-361.2478177,68614.414,2102272,-48.257553,-49.6118,536.217614
2013,11,-353.9448838,68733.89,4816384,-33.32463,-35.098114,535.999892
2013,12,-345.2287385,69016.9,6350848,-26.255753,-29.99791,535.740038
2014,1,-333.200878,69508.53,5665792,-27.136475,-30.899109,535.381452
2014,2,-322.377863,68763.53,3222528,-41.37224,-42.603653,535.058786
2014,3,-319.9923225,68389.86,461745.5,-51.76088,-51.6615,534.987666
2014,4,-330.789711,68343.734,8.64E-11,-49.603653,-48.944336,535.309568
2014,5,-352.4252757,69162.14,8.64E-11,-50.48665,-50.490448,535.954588
2014,6,-376.5894061,68579.36,8.64E-11,-50.685913,-50.482483,536.674992
2014,7,-402.3319781,67861.945,8.64E-11,-56.499527,-56.047165,537.442454
2014,8,-426.6198131,68305.7,8.64E-11,-55.532852,-56.1595,538.166546
2014,9,-442.0730979,69069.125,60142.074,-53.87152,-54.058945,538.627254
2014,10,-446.8661157,68247.766,1976320,-48.459946,-48.87819,538.770148
2014,11,-442.1984125,68681.32,5118464,-36.334732,-39.07785,538.63099
2014,12,-433.0822397,68805.945,6258176,-26.929276,-30.312775,538.35921
2015,1,-424.8128802,69211.734,5586944,-29.059113,-31.486313,538.112676
2015,2,-416.4422894,68678.05,3098624,-39.62593,-40.055054,537.863124
2015,3,-417.5558994,68273.33,453091.2,-47.855072,-48.52716,537.896324
2015,4,-434.0856292,68080.375,8.64E-11,-48.817795,-50.158463,538.389124
2015,5,-456.2087673,68235.44,8.64E-11,-53.045547,-53.719437,539.04868
2015,6,-477.842722,68426.25,8.64E-11,-52.525177,-53.61873,539.693652
2015,7,-501.4146265,67570.66,8.64E-11,-58.00058,-58.765945,540.3964
2015,8,-530.037893,67707.64,8.64E-11,-55.70311,-57.093246,541.249744
2015,9,-549.8705499,67556.36,53862.695,-55.340622,-55.63559,541.841014
2015,10,-552.6780547,68646.17,1826304,-44.16266,-44.059692,541.924714
2015,11,-549.8971826,68634.25,4463104,-33.93599,-34.469833,541.841808
2015,12,-543.3853143,69197.63,6198784,-27.57724,-29.631668,541.64767
2016,1,-535.6886589,68781.016,5692416,-29.794098,-32.317657,541.41821
2016,2,-535.0836198,68929.99,3116032,-39.783447,-40.54785,541.400172
2016,3,-537.8767014,68063.13,438958.7,-50.278442,-50.513885,541.483442
2016,4,-551.2167434,68260.53,8.64E-11,-49.864548,-49.92987,541.881148
2016,5,-580.0735326,68436.94,8.64E-11,-53.203903,-53.66646,542.741454
2016,6,-604.7169178,67811.81,8.64E-11,-51.59807,-51.560852,543.476146
2016,7,-629.5848363,67970.14,8.64E-11,-57.437195,-58.401962,544.217532
2016,8,-652.7177369,68841.39,8.64E-11,-52.510513,-53.73076,544.907192
2016,9,-665.0904141,67632.3,82254.81,-55.484543,-55.70604,545.276058
2016,10,-667.5316351,68192.55,2057728,-48.142487,-48.490036,545.348838
2016,11,-655.5764275,69402.47,4743168,-33.258163,-34.3947,544.992418
2016,12,-641.4002388,69601.44,6190080,-25.723465,-28.520523,544.569784
2017,1,-629.6179762,69796.47,5395456,-27.192108,-29.292755,544.21852
2017,2,-619.4817769,69181.47,3002880,-36.924408,-37.723022,543.91633
2017,3,-614.4951519,68920.92,457937.56,-47.501205,-47.42137,543.767664
2017,4,-622.2685525,68437.21,8.64E-11,-52.56006,-52.990295,543.999412
2017,5,-646.8335824,68496.695,8.64E-11,-52.1575,-52.83362,544.731768
2017,6,-671.9954672,68406.375,8.64E-11,-52.70175,-53.133163,545.481918
2017,7,-699.8567158,68076.33,8.64E-11,-54.41765,-55.533875,546.312544
2017,8,-730.5960426,67899.11,8.64E-11,-55.77423,-57.044983,547.228974
2017,9,-748.6689273,67845.69,54839.703,-53.13652,-54.43878,547.76778
2017,10,-753.8886725,68974.66,1931264,-43.791397,-44.136993,547.923396
2017,11,-749.189976,68582.6,4659200,-35.463257,-36.068665,547.783314
2017,12,-739.5840161,69037.664,6370304,-29.148941,-31.131577,547.496932
2018,1,-731.1690151,69167.5,5480960,-27.311035,-28.849442,547.246056
2018,2,-726.6749277,68536.336,3152384,-38.290054,-39.228363,547.112074
2018,3,-730.1117564,69108.39,428306,-45.635513,-46.631775,547.214536
2018,4,-743.5549751,68792.875,8.64E-11,-52.57431,-53.8844,547.615318
2018,5,-765.6662391,68662.805,8.64E-11,-46.45865,-47.338165,548.27452
2018,6,-788.8263092,68987.39,8.64E-11,-45.32036,-45.893585,548.96499
2018,7,-813.1207185,68180.33,8.64E-11,-54.214584,-55.94783,549.689278
2018,8,-837.6919874,68884.22,8.64E-11,-52.5766,-53.98439,550.42182
2018,9,-852.5127953,67673.42,55046.395,-56.891876,-58.657288,550.863672
2018,10,-857.3486805,68460.94,1831936,-43.162888,-43.272232,551.007844
2018,11,-855.0526983,68552.06,4737536,-36.911682,-37.429733,550.939394
2018,12,-845.5958682,69401.56,5970944,-23.823715,-25.31961,550.657458
2019,1,-830.0253189,68965.05,5414400,-27.50595,-29.283752,550.193254
2019,2,-822.157664,69293.93,3036672,-35.009033,-36.034805,549.958696
2019,3,-818.86594,68706.86,453637.8,-45.972046,-46.121155,549.86056
2019,4,-828.4478165,68626.3,8.64E-11,-51.916016,-51.87477,550.146224
2019,5,-851.6683971,69082.734,8.64E-11,-52.01677,-51.995163,550.838498
2019,6,-876.7634653,67667.375,8.64E-11,-55.040497,-55.402847,551.586656
2019,7,-909.8274866,68592.42,8.64E-11,-53.544296,-53.99063,552.572392
2019,8,-938.5650658,68272.41,8.64E-11,-56.112015,-56.551132,553.429144
2019,9,-953.8849186,67839.22,72230.375,-54.53441,-54.22641,553.885874
2019,10,-960.2186764,68522.7,1937920,-47.208755,-47.012817,554.074702
2019,11,-960.7421402,69602.68,4849152,-34.633743,-35.860504,554.090308
2019,12,-951.7871725,69798.17,6109696,-26.089859,-27.930527,553.823334
2020,1,-932.8641203,69449.94,5575168,-28.105179,-30.187256,553.259182
2020,2,-915.3531391,68946.625,3143680,-38.843246,-39.826767,552.737128
2020,3,-913.099823,68186.75,346430.62,-45.27649,-45.26291,552.66995
2020,4,-930.8564022,68618.016,8.64E-11,-49.389175,-49.308807,553.199326
2020,5,-951.5678718,68322.86,8.64E-11,-50.27301,-50.588196,553.816796
2020,6,-975.9367454,68403.36,8.64E-11,-49.604126,-50.088028,554.543304
2020,7,-1003.954168,68239.55,8.64E-11,-54.50035,-55.26622,555.378586
2020,8,-1029.034142,68672.36,8.64E-11,-58.35202,-59.480774,556.126294
2020,9,-1046.25223,68288.484,86408.44,-54.612366,-55.18158,556.639616
2020,10,-1053.439241,67950.61,2063872,-50.33255,-50.489716,556.853882
2020,11,-1055.970624,68546.055,4587008,-32.081253,-32.533615,556.92935
2020,12,-1048.857407,68787.625,5947904,-25.69661,-27.239502,556.717284
2021,1,-1034.196462,68943.414,5655040,-29.043259,-31.799301,556.280198
2021,2,-1024.641084,68546.91,3019264,-40.321762,-40.36685,555.995324
2021,3,-1019.317894,68920.375,444120.12,-45.87387,-46.138,555.836624
2021,4,-1028.485454,67793.81,8.64E-11,-52.990005,-52.893356,556.109936
2021,5,-1050.861435,68388.91,8.64E-11,-51.62039,-51.9281,556.77703
2021,6,-1072.144603,68364.11,8.64E-11,-59.45456,-59.465347,557.411544
2021,7,-1096.366225,68763.484,8.64E-11,-54.967896,-56.00917,558.133662
2021,8,-1124.3707,67964.94,8.64E-11,-58.672348,-59.4243,558.968558
2021,9,-1145.050371,67916.01,68567.56,-56.512527,-57.47412,559.58508
2021,10,-1155.925914,68391.42,2187264,-51.983475,-52.67079,559.909312
2021,11,-1154.328286,68406.17,4852224,-36.81143,-38.04117,559.861682
2021,12,-1142.090852,68595.41,5960704,-25.875946,-27.320724,559.496848
2022,1,-1134.433575,69163.09,5113856,-26.799622,-27.460663,559.268562
2022,2,-1132.527692,68979.72,3170816,-38.073242,-38.526764,559.211742
2022,3,-1131.891928,68567.03,502436.88,-51.487396,-51.030945,559.192788
2022,4,-1140.157129,68346.23,8.64E-11,-53.21765,-53.264374,559.439198
2022,5,-1164.023871,68771.47,8.64E-11,-54.11046,-53.994995,560.150736
2022,6,-1191.111631,69072.49,8.64E-11,-49.531982,-49.452316,560.958302
2022,7,-1213.571334,68045.945,8.64E-11,-56.506805,-56.71527,561.627892
2022,8,-1239.550716,68198.11,8.64E-11,-51.475204,-51.273285,562.402414
2022,9,-1257.712018,67894.55,68815,-54.5717,-53.91507,562.943856
2022,10,-1258.760556,68060.55,2081280,-49.076447,-49.512283,562.975116
2022,11,-1254.263919,67587,4795392,-38.14586,-38.46492,562.841058
2022,12,-1248.126788,68223.875,6039040,-28.697754,-30.18489,562.658092
2023,1,-1231.981522,68126.03,5441024,-30.701767,-31.930923,562.176754
2023,2,-1218.560441,68567.11,2964480,-39.61969,-39.258606,561.776632
2023,3,-1219.246653,68277.22,485600.06,-47.04019,-46.498215,561.79709
2023,4,-1230.898033,68861.91,8.64E-11,-49.644836,-49.474243,562.144452
2023,5,-1254.106203,67889.68,8.64E-11,-52.555542,-52.29138,562.836356
2023,6,-1277.009069,68597.88,8.64E-11,-51.260544,-51.512253,563.519158
2023,7,-1298.757068,67498,8.64E-11,-53.294098,-53.494415,564.16753
2023,8,-1325.254614,67467.28,8.64E-11,-51.148895,-51.190918,564.9575
2023,9,-1344.301371,68339.57,64410.688,-51.860397,-52.53453,565.52534
2023,10,-1352.142326,67608.664,1852928,-47.00354,-46.70938,565.759102
2023,11,-1353.953619,68398.266,4425728,-35.09189,-34.29805,565.813102
2023,12,-1353.243794,68372.55,5939200,-28.096283,-28.545868,565.79194
2024,1,-1349.502668,68679.03,5475840,-30.746872,-31.753815,565.680406
2024,2,-1345.048496,68094.16,2906624,-39.454575,-38.947144,565.547614
2024,3,-1347.275381,68044.66,456908.88,-48.12027,-48.73178,565.614004
2024,4,-1364.324616,67642.34,8.64E-11,-51.46402,-52.459396,566.122292
2024,5,-1392.270325,67785.95,8.64E-11,-50.54579,-50.69113,566.955436
2024,6,-1418.930283,67978.59,8.64E-11,-50.315186,-49.930206,567.750248
2024,7,-1449.496531,68380.67,8.64E-11,-49.4254,-51.01677,568.661518
2024,8,-1476.651576,68812.305,8.64E-11,-49.46141,-52.25551,569.47109
2024,9,-1488.535942,67818.83,70679.44,-50.773453,-52.948257,569.825398
2024,10,-1493.056662,68426.83,2027008,-47.248947,-47.025055,569.960174
2024,11,-1493.00816,67775.41,4674560,-36.474747,-36.340683,569.958728
2024,12,-1492.184021,69221.914,6274048,-28.624115,-30.741943,569.934158
